origin,destination,airline,flight_number,travel_date,departure_time,fare_class,total_fare,base_fare,taxes,convenience_fee,booking_window,scrape_timestamp
BLR,DEL,Air India,AI2758,9/10/2026,9/10/2026 0:15,Economy,8814,6470,1945,399,7,9/3/2026 22:22
BLR,DEL,Air India,AI9430,9/10/2026,9/10/2026 1:15,Economy,9010,6657,1954,399,7,9/3/2026 22:22
DEL,HYD,Air India,AI2577,9/10/2026,9/10/2026 2:00,Economy,9109,6959,1751,399,7,9/3/2026 22:22
BLR,BOM,Air India,AI2858,9/10/2026,9/10/2026 2:20,Economy,6517,4611,1507,399,7,9/3/2026 22:22
DEL,BOM,Air India,AI1745,9/10/2026,9/10/2026 5:00,Economy,6979,5093,1487,399,7,9/3/2026 22:22
BLR,DEL,Air India,AI2414,9/10/2026,9/10/2026 5:30,Economy,8814,6470,1945,399,7,9/3/2026 22:22
DEL,BOM,Air India,AI9486,9/10/2026,9/10/2026 5:35,Economy,6976,5090,1487,399,7,9/3/2026 22:22
BLR,DEL,Air India,AI2810,9/10/2026,9/10/2026 6:00,Economy,8814,6470,1945,399,7,9/3/2026 22:22
DEL,HYD,Air India,AI1793,9/10/2026,9/10/2026 6:00,Economy,16039,13559,2081,399,7,9/3/2026 22:22
DEL,BOM,Air India,AI2975,9/10/2026,9/10/2026 6:30,Economy,7138,5244,1495,399,7,9/3/2026 22:22
BLR,BOM,Air India,AI2402,9/10/2026,9/10/2026 6:35,Economy,8571,6567,1605,399,7,9/3/2026 22:22
DEL,BOM,Air India,AI2429,9/10/2026,9/10/2026 7:00,Economy,6979,5093,1487,399,7,9/3/2026 22:22
BLR,DEL,Air India,AI2654,9/10/2026,9/10/2026 7:00,Economy,10274,7861,2014,399,7,9/3/2026 22:22
DEL,BOM,Air India,AI2943,9/10/2026,9/10/2026 7:30,Economy,6979,5093,1487,399,7,9/3/2026 22:22
DEL,BOM,Air India,AI2678,9/10/2026,9/10/2026 8:30,Economy,6979,5093,1487,399,7,9/3/2026 22:22
DEL,BOM,Air India,AI2963,9/10/2026,9/10/2026 9:00,Economy,6979,5093,1487,399,7,9/3/2026 22:22
BLR,DEL,Air India,AI2868,9/10/2026,9/10/2026 9:00,Economy,9270,6904,1967,399,7,9/3/2026 22:22
BLR,BOM,Air India,AI2604,9/10/2026,9/10/2026 9:15,Economy,8484,6484,1601,399,7,9/3/2026 22:22
DEL,BOM,Air India,AI2927,9/10/2026,9/10/2026 9:30,Economy,6979,5093,1487,399,7,9/3/2026 22:22
DEL,HYD,Air India,AI2542,9/10/2026,9/10/2026 9:40,Economy,9475,7307,1769,399,7,9/3/2026 22:22
DEL,BOM,Air India,AI2995,9/10/2026,9/10/2026 10:00,Economy,6979,5093,1487,399,7,9/3/2026 22:22
BLR,DEL,Air India,AI2804,9/10/2026,9/10/2026 10:00,Economy,9270,6904,1967,399,7,9/3/2026 22:22
BLR,BOM,Air India,AI2852,9/10/2026,9/10/2026 10:30,Economy,8485,6485,1601,399,7,9/3/2026 22:22
DEL,HYD,Air India,AI2859,9/10/2026,9/10/2026 10:30,Economy,9109,6959,1751,399,7,9/3/2026 22:22
DEL,BOM,Air India,AI2945,9/10/2026,9/10/2026 11:00,Economy,6979,5093,1487,399,7,9/3/2026 22:22
BLR,DEL,Air India,AI2406,9/10/2026,9/10/2026 11:00,Economy,9270,6904,1967,399,7,9/3/2026 22:22
DEL,BOM,Air India,AI1785,9/10/2026,9/10/2026 12:00,Economy,6979,5093,1487,399,7,9/3/2026 22:22
BLR,BOM,Air India,AI2630,9/10/2026,9/10/2026 12:05,Economy,8416,6419,1598,399,7,9/3/2026 22:22
DEL,HYD,Air India,AI2899,9/10/2026,9/10/2026 12:30,Economy,9109,6959,1751,399,7,9/3/2026 22:22
DEL,BOM,Air India,AI2951,9/10/2026,9/10/2026 13:30,Economy,7609,5693,1517,399,7,9/3/2026 22:22
BLR,DEL,Air India,AI2486,9/10/2026,9/10/2026 14:00,Economy,9270,6904,1967,399,7,9/3/2026 22:22
DEL,HYD,Air India,AI2465,9/10/2026,9/10/2026 14:30,Economy,9401,7237,1765,399,7,9/3/2026 22:22
BLR,DEL,Air India,AI9400,9/10/2026,9/10/2026 14:40,Economy,9010,6657,1954,399,7,9/3/2026 22:22
BLR,DEL,Air India,AI2511,9/10/2026,9/10/2026 15:00,Economy,8814,6470,1945,399,7,9/3/2026 22:22
DEL,BOM,Air India,AI2933,9/10/2026,9/10/2026 15:30,Economy,7609,5693,1517,399,7,9/3/2026 22:22
BLR,DEL,Air India,AI428,9/10/2026,9/10/2026 15:30,Economy,8814,6470,1945,399,7,9/3/2026 22:22
DEL,HYD,Air India,AI2519,9/10/2026,9/10/2026 15:30,Economy,9109,6959,1751,399,7,9/3/2026 22:22
DEL,BOM,Air India,AI1777,9/10/2026,9/10/2026 16:00,Economy,6979,5093,1487,399,7,9/3/2026 22:22
DEL,BOM,Air India,AI1780,9/10/2026,9/10/2026 16:10,Economy,6979,5093,1487,399,7,9/3/2026 22:22
DEL,BOM,Air India,AI2941,9/10/2026,9/10/2026 16:30,Economy,6979,5093,1487,399,7,9/3/2026 22:22
BLR,DEL,Air India,AI2418,9/10/2026,9/10/2026 16:30,Economy,8814,6470,1945,399,7,9/3/2026 22:22
DEL,BOM,Air India,AI441,9/10/2026,9/10/2026 17:00,Economy,6979,5093,1487,399,7,9/3/2026 22:22
BLR,DEL,Air India,AI2820,9/10/2026,9/10/2026 17:25,Economy,9756,7367,1990,399,7,9/3/2026 22:22
DEL,BOM,Air India,AI2955,9/10/2026,9/10/2026 18:00,Economy,7138,5244,1495,399,7,9/3/2026 22:22
DEL,HYD,Air India,AI2879,9/10/2026,9/10/2026 18:00,Economy,9109,6959,1751,399,7,9/3/2026 22:22
BLR,BOM,Air India,AI2854,9/10/2026,9/10/2026 18:05,Economy,9352,7311,1642,399,7,9/3/2026 22:22
BLR,DEL,Air India,AI2802,9/10/2026,9/10/2026 18:20,Economy,11607,9130,2078,399,7,9/3/2026 22:22
DEL,BOM,Air India,AI2977,9/10/2026,9/10/2026 19:00,Economy,7908,5978,1531,399,7,9/3/2026 22:22
BLR,BOM,Air India,AI2610,9/10/2026,9/10/2026 19:00,Economy,10067,7992,1676,399,7,9/3/2026 22:22
DEL,BOM,Air India,AI2985,9/10/2026,9/10/2026 19:30,Economy,7348,5444,1505,399,7,9/3/2026 22:22
DEL,HYD,Air India,AI1708,9/10/2026,9/10/2026 19:30,Economy,9255,7098,1758,399,7,9/3/2026 22:22
BLR,DEL,Air India,AI2665,9/10/2026,9/10/2026 19:40,Economy,11607,9130,2078,399,7,9/3/2026 22:22
DEL,BOM,Air India,AI2805,9/10/2026,9/10/2026 20:00,Economy,7576,5662,1515,399,7,9/3/2026 22:22
BLR,DEL,Air India,AI2818,9/10/2026,9/10/2026 20:00,Economy,13471,10905,2167,399,7,9/3/2026 22:22
DEL,BOM,Air India,AI2957,9/10/2026,9/10/2026 20:30,Economy,7348,5444,1505,399,7,9/3/2026 22:22
BLR,BOM,Air India,AI2850,9/10/2026,9/10/2026 20:30,Economy,11679,9527,1753,399,7,9/3/2026 22:22
DEL,HYD,Air India,AI2871,9/10/2026,9/10/2026 20:30,Economy,9109,6959,1751,399,7,9/3/2026 22:22
DEL,BOM,Air India,AI2981,9/10/2026,9/10/2026 21:00,Economy,7348,5444,1505,399,7,9/3/2026 22:22
DEL,BOM,Air India,AI887,9/10/2026,9/10/2026 21:00,Economy,7348,5444,1505,399,7,9/3/2026 22:22
DEL,BOM,Air India,AI2433,9/10/2026,9/10/2026 21:30,Economy,7138,5244,1495,399,7,9/3/2026 22:22
BLR,BOM,Air India,AI2642,9/10/2026,9/10/2026 21:30,Economy,9326,7286,1641,399,7,9/3/2026 22:22
DEL,HYD,Air India,AI2449,9/10/2026,9/10/2026 22:00,Economy,9109,6959,1751,399,7,9/3/2026 22:22
BLR,DEL,Air India,AI2488,9/10/2026,9/10/2026 22:30,Economy,11607,9130,2078,399,7,9/3/2026 22:22
BLR,BOM,Air India,AI2840,9/10/2026,9/10/2026 22:30,Economy,9421,7376,1646,399,7,9/3/2026 22:22
DEL,BOM,Air India,AI2439,9/10/2026,9/10/2026 23:00,Economy,6979,5093,1487,399,7,9/3/2026 22:22
DEL,HYD,Air India,AI1706,9/10/2026,9/10/2026 23:00,Economy,9109,6959,1751,399,7,9/3/2026 22:22
DEL,BOM,Air India,AI9484,9/10/2026,9/10/2026 23:25,Economy,6976,5090,1487,399,7,9/3/2026 22:22
BLR,BOM,Air India,AI2811,9/10/2026,9/10/2026 23:40,Economy,9476,7429,1648,399,7,9/3/2026 22:22
DEL,BOM,Air India,AI2678,9/19/2026,9/19/2026 8:30,Economy,6979,5093,1487,399,15,9/3/2026 23:21
DEL,BOM,Air India,AI2963,9/19/2026,9/19/2026 9:00,Economy,6979,5093,1487,399,15,9/3/2026 23:21
DEL,BOM,Air India,AI2425,9/19/2026,9/19/2026 10:30,Economy,6979,5093,1487,399,15,9/3/2026 23:21
DEL,BOM,Air India,AI2941,9/19/2026,9/19/2026 16:30,Economy,6979,5093,1487,399,15,9/3/2026 23:21
DEL,BOM,Air India,AI1745,9/19/2026,9/19/2026 5:00,Economy,7138,5244,1495,399,15,9/3/2026 23:21
DEL,BOM,Air India,AI2975,9/19/2026,9/19/2026 6:30,Economy,7138,5244,1495,399,15,9/3/2026 23:21
DEL,BOM,Air India,AI2981,9/19/2026,9/19/2026 21:00,Economy,7348,5444,1505,399,15,9/3/2026 23:21
DEL,BOM,Air India,AI2951,9/19/2026,9/19/2026 13:30,Economy,7789,5864,1526,399,15,9/3/2026 23:21
DEL,BOM,Air India,AI2429,9/19/2026,9/19/2026 7:00,Economy,6979,5093,1487,399,15,9/3/2026 23:21
DEL,BOM,Air India,AI2943,9/19/2026,9/19/2026 7:30,Economy,6979,5093,1487,399,15,9/3/2026 23:21
DEL,BOM,Air India,AI2995,9/19/2026,9/19/2026 10:00,Economy,6979,5093,1487,399,15,9/3/2026 23:21
DEL,BOM,Air India,AI2945,9/19/2026,9/19/2026 11:00,Economy,6979,5093,1487,399,15,9/3/2026 23:21
DEL,BOM,Air India,AI1785,9/19/2026,9/19/2026 12:00,Economy,6979,5093,1487,399,15,9/3/2026 23:21
DEL,BOM,Air India,AI2933,9/19/2026,9/19/2026 15:30,Economy,6979,5093,1487,399,15,9/3/2026 23:21
DEL,BOM,Air India,AI1777,9/19/2026,9/19/2026 16:00,Economy,6979,5093,1487,399,15,9/3/2026 23:21
DEL,BOM,Air India,AI2955,9/19/2026,9/19/2026 18:00,Economy,6979,5093,1487,399,15,9/3/2026 23:21
DEL,BOM,Air India,AI2977,9/19/2026,9/19/2026 19:00,Economy,6979,5093,1487,399,15,9/3/2026 23:21
DEL,BOM,Air India,AI2985,9/19/2026,9/19/2026 19:30,Economy,6979,5093,1487,399,15,9/3/2026 23:21
DEL,BOM,Air India,AI2439,9/19/2026,9/19/2026 23:00,Economy,6979,5093,1487,399,15,9/3/2026 23:21
DEL,BOM,Air India,AI441,9/19/2026,9/19/2026 17:00,Economy,7348,5444,1505,399,15,9/3/2026 23:22
DEL,BOM,Air India,AI2433,9/19/2026,9/19/2026 21:30,Economy,7348,5444,1505,399,15,9/3/2026 23:22
DEL,BOM,Air India,AI9484,9/19/2026,9/19/2026 23:25,Economy,6976,5090,1487,399,15,9/3/2026 23:22
DEL,BOM,Air India,AI2927,9/19/2026,9/19/2026 9:30,Economy,6979,5093,1487,399,15,9/3/2026 23:22
DEL,BOM,Air India,AI2957,9/19/2026,9/19/2026 20:30,Economy,7138,5244,1495,399,15,9/3/2026 23:22
DEL,BOM,Air India,AI1780,9/19/2026,9/19/2026 16:10,Economy,6979,5093,1487,399,15,9/3/2026 23:22
BLR,DEL,Air India,AI2810,9/19/2026,9/19/2026 6:00,Economy,10010,7609,2002,399,15,9/3/2026 23:22
BLR,DEL,Air India,AI2818,9/19/2026,9/19/2026 20:00,Economy,10191,7782,2010,399,15,9/3/2026 23:22
BLR,DEL,Air India,AI2486,9/19/2026,9/19/2026 14:00,Economy,10829,8389,2041,399,15,9/3/2026 23:22
BLR,DEL,Air India,AI428,9/19/2026,9/19/2026 15:30,Economy,11405,8938,2068,399,15,9/3/2026 23:22
BLR,DEL,Air India,AI2802,9/19/2026,9/19/2026 18:20,Economy,9721,7334,1988,399,15,9/3/2026 23:22
BLR,DEL,Air India,AI9400,9/19/2026,9/19/2026 14:40,Economy,9266,6901,1966,399,15,9/3/2026 23:22
BLR,DEL,Air India,AI2414,9/19/2026,9/19/2026 5:30,Economy,9870,7476,1995,399,15,9/3/2026 23:22
BLR,DEL,Air India,AI2418,9/19/2026,9/19/2026 16:30,Economy,10272,7859,2014,399,15,9/3/2026 23:22
BLR,DEL,Air India,AI2488,9/19/2026,9/19/2026 22:30,Economy,12373,9860,2114,399,15,9/3/2026 23:22
BLR,DEL,Air India,AI2758,9/19/2026,9/19/2026 0:15,Economy,12781,10248,2134,399,15,9/3/2026 23:22
BLR,DEL,Air India,AI9430,9/19/2026,9/19/2026 1:15,Economy,9916,7520,1997,399,15,9/3/2026 23:22
BLR,DEL,Air India,AI2665,9/19/2026,9/19/2026 19:40,Economy,9495,7119,1977,399,15,9/3/2026 23:22
BLR,DEL,Air India,AI2868,9/19/2026,9/19/2026 9:00,Economy,10020,7619,2002,399,15,9/3/2026 23:22
BLR,DEL,Air India,AI2654,9/19/2026,9/19/2026 7:00,Economy,10134,7727,2008,399,15,9/3/2026 23:22
BLR,DEL,Air India,AI2804,9/19/2026,9/19/2026 10:00,Economy,11000,8552,2049,399,15,9/3/2026 23:22
BLR,DEL,Air India,AI2406,9/19/2026,9/19/2026 11:00,Economy,11000,8552,2049,399,15,9/3/2026 23:22
BLR,DEL,Air India,AI2511,9/19/2026,9/19/2026 15:00,Economy,11000,8552,2049,399,15,9/3/2026 23:22
BLR,DEL,Air India,AI2820,9/19/2026,9/19/2026 17:25,Economy,10031,7629,2003,399,15,9/3/2026 23:22
BLR,BOM,Air India,AI2858,9/19/2026,9/19/2026 2:20,Economy,6517,4611,1507,399,15,9/3/2026 23:22
BLR,BOM,Air India,AI3306,9/19/2026,9/19/2026 2:25,Economy,5939,4060,1480,399,15,9/3/2026 23:22
BLR,BOM,Air India,AI2411,9/19/2026,9/19/2026 8:20,Economy,7241,5300,1542,399,15,9/3/2026 23:22
BLR,BOM,Air India,AI2604,9/19/2026,9/19/2026 9:15,Economy,7353,5407,1547,399,15,9/3/2026 23:22
BLR,BOM,Air India,AI2402,9/19/2026,9/19/2026 6:35,Economy,7879,5908,1572,399,15,9/3/2026 23:22
BLR,BOM,Air India,AI2854,9/19/2026,9/19/2026 18:05,Economy,8100,6118,1583,399,15,9/3/2026 23:22
BLR,BOM,Air India,AI2630,9/19/2026,9/19/2026 12:05,Economy,8418,6421,1598,399,15,9/3/2026 23:22
BLR,BOM,Air India,AI2811,9/19/2026,9/19/2026 23:40,Economy,5576,3714,1463,399,15,9/3/2026 23:22
BLR,BOM,Air India,AI2840,9/19/2026,9/19/2026 22:30,Economy,6085,4199,1487,399,15,9/3/2026 23:22
BLR,BOM,Air India,AI2642,9/19/2026,9/19/2026 21:30,Economy,7554,5598,1557,399,15,9/3/2026 23:22
BLR,BOM,Air India,AI2852,9/19/2026,9/19/2026 10:30,Economy,7730,5766,1565,399,15,9/3/2026 23:22
BLR,BOM,Air India,AI2610,9/19/2026,9/19/2026 19:00,Economy,7789,5822,1568,399,15,9/3/2026 23:22
BLR,BOM,Air India,AI2850,9/19/2026,9/19/2026 20:30,Economy,7671,5710,1562,399,15,9/3/2026 23:22
DEL,HYD,Air India,AI2465,9/19/2026,9/19/2026 14:30,Economy,10177,7976,1802,399,15,9/3/2026 23:22
DEL,HYD,Air India,AI2899,9/19/2026,9/19/2026 12:30,Economy,9855,7669,1787,399,15,9/3/2026 23:22
DEL,HYD,Air India,AI2577,9/19/2026,9/19/2026 2:00,Economy,9855,7669,1787,399,15,9/3/2026 23:22
DEL,HYD,Air India,AI2542,9/19/2026,9/19/2026 9:40,Economy,9855,7669,1787,399,15,9/3/2026 23:22
DEL,HYD,Air India,AI2859,9/19/2026,9/19/2026 10:30,Economy,9855,7669,1787,399,15,9/3/2026 23:22
DEL,HYD,Air India,AI2879,9/19/2026,9/19/2026 18:00,Economy,9855,7669,1787,399,15,9/3/2026 23:22
DEL,HYD,Air India,AI2871,9/19/2026,9/19/2026 20:30,Economy,9855,7669,1787,399,15,9/3/2026 23:22
DEL,HYD,Air India,AI1706,9/19/2026,9/19/2026 23:00,Economy,9855,7669,1787,399,15,9/3/2026 23:22
DEL,HYD,Air India,AI1708,9/19/2026,9/19/2026 19:30,Economy,10015,7822,1794,399,15,9/3/2026 23:22
DEL,HYD,Air India,AI1793,9/19/2026,9/19/2026 6:00,Economy,10910,8674,1837,399,15,9/3/2026 23:22
DEL,HYD,Air India,AI2449,9/19/2026,9/19/2026 22:00,Economy,12082,9790,1893,399,15,9/3/2026 23:22
DEL,HYD,Air India,AI2519,9/19/2026,9/19/2026 15:30,Economy,10096,7899,1798,399,15,9/3/2026 23:22
BLR,DEL,Air India,AI2758,10/3/2026,10/3/2026 0:15,Economy,8912,6563,1950,399,30,9/3/2026 23:46
BLR,BOM,Air India,AI2858,10/3/2026,10/3/2026 2:20,Economy,7061,5129,1533,399,30,9/3/2026 23:46
DEL,BOM,Air India,AI1745,10/3/2026,10/3/2026 5:00,Economy,7138,5244,1495,399,30,9/3/2026 23:46
BLR,DEL,Air India,AI2414,10/3/2026,10/3/2026 5:30,Economy,8912,6563,1950,399,30,9/3/2026 23:46
BLR,DEL,Air India,AI2810,10/3/2026,10/3/2026 6:00,Economy,8582,6249,1934,399,30,9/3/2026 23:46
DEL,BOM,Air India,AI2975,10/3/2026,10/3/2026 6:30,Economy,7138,5244,1495,399,30,9/3/2026 23:46
BLR,BOM,Air India,AI2402,10/3/2026,10/3/2026 6:35,Economy,7061,5129,1533,399,30,9/3/2026 23:46
BLR,DEL,Air India,AI9772,10/3/2026,10/3/2026 6:40,Economy,10638,8207,2032,399,30,9/3/2026 23:46
DEL,BOM,Air India,AI2429,10/3/2026,10/3/2026 7:00,Economy,9967,7939,1629,399,30,9/3/2026 23:46
BLR,DEL,Air India,AI2654,10/3/2026,10/3/2026 7:00,Economy,9146,6786,1961,399,30,9/3/2026 23:46
DEL,BOM,Air India,AI2943,10/3/2026,10/3/2026 7:30,Economy,7140,5246,1495,399,30,9/3/2026 23:46
DEL,BOM,Air India,AI2678,10/3/2026,10/3/2026 8:30,Economy,6979,5093,1487,399,30,9/3/2026 23:46
DEL,BOM,Air India,AI2963,10/3/2026,10/3/2026 9:00,Economy,6979,5093,1487,399,30,9/3/2026 23:46
BLR,DEL,Air India,AI2868,10/3/2026,10/3/2026 9:00,Economy,9043,6688,1956,399,30,9/3/2026 23:46
BLR,BOM,Air India,AI2604,10/3/2026,10/3/2026 9:15,Economy,7546,5591,1556,399,30,9/3/2026 23:46
DEL,BOM,Air India,AI2927,10/3/2026,10/3/2026 9:30,Economy,7348,5444,1505,399,30,9/3/2026 23:46
DEL,BOM,Air India,AI2995,10/3/2026,10/3/2026 10:00,Economy,6979,5093,1487,399,30,9/3/2026 23:46
BLR,DEL,Air India,AI2804,10/3/2026,10/3/2026 10:00,Economy,8912,6563,1950,399,30,9/3/2026 23:46
DEL,BOM,Air India,AI2425,10/3/2026,10/3/2026 10:30,Economy,6979,5093,1487,399,30,9/3/2026 23:46
BLR,BOM,Air India,AI2852,10/3/2026,10/3/2026 10:30,Economy,7603,5645,1559,399,30,9/3/2026 23:46
DEL,BOM,Air India,AI2945,10/3/2026,10/3/2026 11:00,Economy,6979,5093,1487,399,30,9/3/2026 23:46
BLR,DEL,Air India,AI2406,10/3/2026,10/3/2026 11:00,Economy,8912,6563,1950,399,30,9/3/2026 23:46
DEL,BOM,Air India,AI1785,10/3/2026,10/3/2026 12:00,Economy,7348,5444,1505,399,30,9/3/2026 23:46
BLR,BOM,Air India,AI2630,10/3/2026,10/3/2026 12:05,Economy,7546,5591,1556,399,30,9/3/2026 23:46
DEL,BOM,Air India,AI2951,10/3/2026,10/3/2026 13:30,Economy,10217,8177,1641,399,30,9/3/2026 23:46
BLR,DEL,Air India,AI2486,10/3/2026,10/3/2026 14:00,Economy,8780,6438,1943,399,30,9/3/2026 23:46
DEL,BOM,Air India,AI2441,10/3/2026,10/3/2026 14:10,Economy,6979,5093,1487,399,30,9/3/2026 23:46
DEL,BOM,Air India,AI1780,10/3/2026,10/3/2026 14:30,Economy,6979,5093,1487,399,30,9/3/2026 23:46
BLR,DEL,Air India,AI428,10/3/2026,10/3/2026 14:30,Economy,8780,6438,1943,399,30,9/3/2026 23:46
BLR,DEL,Air India,AI2511,10/3/2026,10/3/2026 15:00,Economy,8912,6563,1950,399,30,9/3/2026 23:46
DEL,BOM,Air India,AI2933,10/3/2026,10/3/2026 15:30,Economy,7924,5993,1532,399,30,9/3/2026 23:46
DEL,BOM,Air India,AI1777,10/3/2026,10/3/2026 16:00,Economy,7302,5401,1502,399,30,9/3/2026 23:46
BLR,DEL,Air India,AI2418,10/3/2026,10/3/2026 16:30,Economy,8780,6438,1943,399,30,9/3/2026 23:46
DEL,BOM,Air India,AI441,10/3/2026,10/3/2026 17:00,Economy,6979,5093,1487,399,30,9/3/2026 23:46
BLR,DEL,Air India,AI2820,10/3/2026,10/3/2026 17:25,Economy,8582,6249,1934,399,30,9/3/2026 23:46
BLR,DEL,Air India,AI9400,10/3/2026,10/3/2026 17:35,Economy,10638,8207,2032,399,30,9/3/2026 23:46
DEL,BOM,Air India,AI9486,10/3/2026,10/3/2026 17:50,Economy,6923,5040,1484,399,30,9/3/2026 23:46
DEL,BOM,Air India,AI2955,10/3/2026,10/3/2026 18:00,Economy,10467,8415,1653,399,30,9/3/2026 23:46
BLR,BOM,Air India,AI2854,10/3/2026,10/3/2026 18:05,Economy,7661,5700,1562,399,30,9/3/2026 23:46
BLR,DEL,Air India,AI2802,10/3/2026,10/3/2026 18:20,Economy,8780,6438,1943,399,30,9/3/2026 23:46
DEL,BOM,Air India,AI2977,10/3/2026,10/3/2026 19:00,Economy,7300,5399,1502,399,30,9/3/2026 23:46
BLR,BOM,Air India,AI2610,10/3/2026,10/3/2026 19:00,Economy,7661,5700,1562,399,30,9/3/2026 23:46
DEL,BOM,Air India,AI2985,10/3/2026,10/3/2026 19:30,Economy,7140,5246,1495,399,30,9/3/2026 23:46
BLR,DEL,Air India,AI2665,10/3/2026,10/3/2026 19:40,Economy,8582,6249,1934,399,30,9/3/2026 23:46
BLR,DEL,Air India,AI2818,10/3/2026,10/3/2026 20:00,Economy,8714,6375,1940,399,30,9/3/2026 23:46
DEL,BOM,Air India,AI2957,10/3/2026,10/3/2026 20:30,Economy,6979,5093,1487,399,30,9/3/2026 23:46
BLR,BOM,Air India,AI2850,10/3/2026,10/3/2026 20:30,Economy,7546,5591,1556,399,30,9/3/2026 23:46
DEL,BOM,Air India,AI2981,10/3/2026,10/3/2026 21:00,Economy,7138,5244,1495,399,30,9/3/2026 23:46
DEL,BOM,Air India,AI2433,10/3/2026,10/3/2026 21:30,Economy,7302,5401,1502,399,30,9/3/2026 23:46
BLR,BOM,Air India,AI2642,10/3/2026,10/3/2026 21:30,Economy,7431,5481,1551,399,30,9/3/2026 23:46
BLR,DEL,Air India,AI2814,10/3/2026,10/3/2026 22:00,Economy,8582,6249,1934,399,30,9/3/2026 23:46
BLR,DEL,Air India,AI2488,10/3/2026,10/3/2026 22:30,Economy,8582,6249,1934,399,30,9/3/2026 23:46
BLR,BOM,Air India,AI2840,10/3/2026,10/3/2026 22:30,Economy,7431,5481,1551,399,30,9/3/2026 23:46
DEL,BOM,Air India,AI2439,10/3/2026,10/3/2026 23:00,Economy,7247,5348,1500,399,30,9/3/2026 23:46
DEL,BOM,Air India,AI9484,10/3/2026,10/3/2026 23:25,Economy,6923,5040,1484,399,30,9/3/2026 23:46
BLR,BOM,Air India,AI2811,10/3/2026,10/3/2026 23:40,Economy,7061,5129,1533,399,30,9/3/2026 23:46
BLR,DEL,Air India,AI2758,10/18/2026,10/18/2026 0:15,Economy,11185,8728,2058,399,45,9/3/2026 23:25
BLR,BOM,Air India,AI2858,10/18/2026,10/18/2026 2:20,Economy,7431,5481,1551,399,45,9/3/2026 23:25
DEL,BOM,Air India,AI1745,10/18/2026,10/18/2026 5:00,Economy,7468,5559,1510,399,45,9/3/2026 23:25
BLR,DEL,Air India,AI2414,10/18/2026,10/18/2026 5:30,Economy,11185,8728,2058,399,45,9/3/2026 23:25
BLR,DEL,Air India,AI2810,10/18/2026,10/18/2026 6:00,Economy,11677,9197,2081,399,45,9/3/2026 23:25
DEL,BOM,Air India,AI2975,10/18/2026,10/18/2026 6:30,Economy,7468,5559,1510,399,45,9/3/2026 23:25
BLR,BOM,Air India,AI2402,10/18/2026,10/18/2026 6:35,Economy,8559,6555,1605,399,45,9/3/2026 23:25
BLR,DEL,Air India,AI9772,10/18/2026,10/18/2026 6:40,Economy,14939,12303,2237,399,45,9/3/2026 23:25
DEL,BOM,Air India,AI2429,10/18/2026,10/18/2026 7:00,Economy,7468,5559,1510,399,45,9/3/2026 23:25
BLR,DEL,Air India,AI2654,10/18/2026,10/18/2026 7:00,Economy,12194,9689,2106,399,45,9/3/2026 23:25
DEL,BOM,Air India,AI2943,10/18/2026,10/18/2026 7:30,Economy,7644,5726,1519,399,45,9/3/2026 23:25
DEL,BOM,Air India,AI2678,10/18/2026,10/18/2026 8:30,Economy,7919,5988,1532,399,45,9/3/2026 23:25
DEL,BOM,Air India,AI2963,10/18/2026,10/18/2026 9:00,Economy,7919,5988,1532,399,45,9/3/2026 23:25
BLR,DEL,Air India,AI2868,10/18/2026,10/18/2026 9:00,Economy,11363,8898,2066,399,45,9/3/2026 23:25
BLR,BOM,Air India,AI2604,10/18/2026,10/18/2026 9:15,Economy,11101,8976,1726,399,45,9/3/2026 23:25
DEL,BOM,Air India,AI2927,10/18/2026,10/18/2026 9:30,Economy,7919,5988,1532,399,45,9/3/2026 23:25
DEL,BOM,Air India,AI2995,10/18/2026,10/18/2026 10:00,Economy,7919,5988,1532,399,45,9/3/2026 23:25
BLR,DEL,Air India,AI2804,10/18/2026,10/18/2026 10:00,Economy,11677,9197,2081,399,45,9/3/2026 23:25
DEL,BOM,Air India,AI2425,10/18/2026,10/18/2026 10:30,Economy,7919,5988,1532,399,45,9/3/2026 23:25
BLR,BOM,Air India,AI2852,10/18/2026,10/18/2026 10:30,Economy,11101,8976,1726,399,45,9/3/2026 23:25
DEL,BOM,Air India,AI2945,10/18/2026,10/18/2026 11:00,Economy,7919,5988,1532,399,45,9/3/2026 23:25
BLR,DEL,Air India,AI2406,10/18/2026,10/18/2026 11:00,Economy,11451,8982,2070,399,45,9/3/2026 23:25
DEL,BOM,Air India,AI1785,10/18/2026,10/18/2026 12:00,Economy,8788,6816,1573,399,45,9/3/2026 23:25
BLR,BOM,Air India,AI2630,10/18/2026,10/18/2026 12:05,Economy,11470,9328,1743,399,45,9/3/2026 23:25
DEL,BOM,Air India,AI2951,10/18/2026,10/18/2026 13:30,Economy,9019,7036,1584,399,45,9/3/2026 23:25
BLR,DEL,Air India,AI2486,10/18/2026,10/18/2026 14:00,Economy,11451,8982,2070,399,45,9/3/2026 23:25
DEL,BOM,Air India,AI2441,10/18/2026,10/18/2026 14:10,Economy,7527,5615,1513,399,45,9/3/2026 23:25
DEL,BOM,Air India,AI1780,10/18/2026,10/18/2026 14:30,Economy,7468,5559,1510,399,45,9/3/2026 23:25
BLR,DEL,Air India,AI428,10/18/2026,10/18/2026 14:30,Economy,11363,8898,2066,399,45,9/3/2026 23:25
BLR,DEL,Air India,AI2511,10/18/2026,10/18/2026 15:00,Economy,11630,9152,2079,399,45,9/3/2026 23:25
DEL,BOM,Air India,AI2933,10/18/2026,10/18/2026 15:30,Economy,9890,7865,1626,399,45,9/3/2026 23:25
DEL,BOM,Air India,AI1777,10/18/2026,10/18/2026 16:00,Economy,7819,5893,1527,399,45,9/3/2026 23:25
BLR,DEL,Air India,AI2418,10/18/2026,10/18/2026 16:30,Economy,12146,9643,2104,399,45,9/3/2026 23:25
DEL,BOM,Air India,AI441,10/18/2026,10/18/2026 17:00,Economy,7760,5837,1524,399,45,9/3/2026 23:25
BLR,DEL,Air India,AI2820,10/18/2026,10/18/2026 17:25,Economy,11630,9152,2079,399,45,9/3/2026 23:25
BLR,DEL,Air India,AI9400,10/18/2026,10/18/2026 17:35,Economy,16103,13412,2292,399,45,9/3/2026 23:25
DEL,BOM,Air India,AI9486,10/18/2026,10/18/2026 17:50,Economy,8964,6983,1582,399,45,9/3/2026 23:25
DEL,BOM,Air India,AI2955,10/18/2026,10/18/2026 18:00,Economy,9360,7361,1600,399,45,9/3/2026 23:25
BLR,BOM,Air India,AI2854,10/18/2026,10/18/2026 18:05,Economy,10102,8025,1678,399,45,9/3/2026 23:25
BLR,DEL,Air India,AI2802,10/18/2026,10/18/2026 18:20,Economy,11451,8982,2070,399,45,9/3/2026 23:25
BLR,BOM,Air India,AI2610,10/18/2026,10/18/2026 19:00,Economy,9945,7875,1671,399,45,9/3/2026 23:25
DEL,BOM,Air India,AI2985,10/18/2026,10/18/2026 19:30,Economy,9002,7020,1583,399,45,9/3/2026 23:25
BLR,DEL,Air India,AI2665,10/18/2026,10/18/2026 19:40,Economy,11185,8728,2058,399,45,9/3/2026 23:25
DEL,BOM,Air India,AI2805,10/18/2026,10/18/2026 20:00,Economy,9146,7157,1590,399,45,9/3/2026 23:25
BLR,DEL,Air India,AI2818,10/18/2026,10/18/2026 20:00,Economy,11363,8898,2066,399,45,9/3/2026 23:25
DEL,BOM,Air India,AI2957,10/18/2026,10/18/2026 20:30,Economy,8233,6287,1547,399,45,9/3/2026 23:25
BLR,BOM,Air India,AI2850,10/18/2026,10/18/2026 20:30,Economy,9708,7650,1659,399,45,9/3/2026 23:25
DEL,BOM,Air India,AI2981,10/18/2026,10/18/2026 21:00,Economy,8296,6347,1550,399,45,9/3/2026 23:25
DEL,BOM,Air India,AI2433,10/18/2026,10/18/2026 21:30,Economy,7819,5893,1527,399,45,9/3/2026 23:25
BLR,BOM,Air India,AI2642,10/18/2026,10/18/2026 21:30,Economy,9551,7500,1652,399,45,9/3/2026 23:25
BLR,DEL,Air India,AI2814,10/18/2026,10/18/2026 22:00,Economy,11185,8728,2058,399,45,9/3/2026 23:25
BLR,DEL,Air India,AI2488,10/18/2026,10/18/2026 22:30,Economy,11185,8728,2058,399,45,9/3/2026 23:25
BLR,BOM,Air India,AI2840,10/18/2026,10/18/2026 22:30,Economy,9551,7500,1652,399,45,9/3/2026 23:25
DEL,BOM,Air India,AI2439,10/18/2026,10/18/2026 23:00,Economy,7760,5837,1524,399,45,9/3/2026 23:25
DEL,BOM,Air India,AI9484,10/18/2026,10/18/2026 23:25,Economy,7636,5719,1518,399,45,9/3/2026 23:25
BLR,BOM,Air India,AI2811,10/18/2026,10/18/2026 23:40,Economy,9554,7503,1652,399,45,9/3/2026 23:25
DEL,BOM,Air India,AI1745,9/11/2026,9/11/2026 5:00,Economy,6979,5093,1487,399,7,9/4/2026 12:15
DEL,BOM,Air India,AI9486,9/11/2026,9/11/2026 5:35,Economy,6976,5090,1487,399,7,9/4/2026 12:15
DEL,BOM,Air India,AI2975,9/11/2026,9/11/2026 6:30,Economy,7138,5244,1495,399,7,9/4/2026 12:15
DEL,BOM,Air India,AI2429,9/11/2026,9/11/2026 7:00,Economy,7348,5444,1505,399,7,9/4/2026 12:15
DEL,BOM,Air India,AI2943,9/11/2026,9/11/2026 7:30,Economy,7348,5444,1505,399,7,9/4/2026 12:15
DEL,BOM,Air India,AI2678,9/11/2026,9/11/2026 8:30,Economy,6979,5093,1487,399,7,9/4/2026 12:15
DEL,BOM,Air India,AI2927,9/11/2026,9/11/2026 9:30,Economy,6979,5093,1487,399,7,9/4/2026 12:15
DEL,BOM,Air India,AI2995,9/11/2026,9/11/2026 10:00,Economy,6979,5093,1487,399,7,9/4/2026 12:15
DEL,BOM,Air India,AI2945,9/11/2026,9/11/2026 11:00,Economy,6979,5093,1487,399,7,9/4/2026 12:15
DEL,BOM,Air India,AI1785,9/11/2026,9/11/2026 12:00,Economy,6979,5093,1487,399,7,9/4/2026 12:15
DEL,BOM,Air India,AI2951,9/11/2026,9/11/2026 13:30,Economy,7609,5693,1517,399,7,9/4/2026 12:15
DEL,BOM,Air India,AI2441,9/11/2026,9/11/2026 14:10,Economy,6979,5093,1487,399,7,9/4/2026 12:15
DEL,BOM,Air India,AI2933,9/11/2026,9/11/2026 15:30,Economy,6979,5093,1487,399,7,9/4/2026 12:15
DEL,BOM,Air India,AI1777,9/11/2026,9/11/2026 16:00,Economy,6979,5093,1487,399,7,9/4/2026 12:15
DEL,BOM,Air India,AI1780,9/11/2026,9/11/2026 16:10,Economy,6979,5093,1487,399,7,9/4/2026 12:15
DEL,BOM,Air India,AI2941,9/11/2026,9/11/2026 16:30,Economy,7138,5244,1495,399,7,9/4/2026 12:15
DEL,BOM,Air India,AI441,9/11/2026,9/11/2026 17:00,Economy,7348,5444,1505,399,7,9/4/2026 12:15
DEL,BOM,Air India,AI2955,9/11/2026,9/11/2026 18:00,Economy,11067,8986,1682,399,7,9/4/2026 12:15
DEL,BOM,Air India,AI2977,9/11/2026,9/11/2026 19:00,Economy,22028,19425,2204,399,7,9/4/2026 12:15
DEL,BOM,Air India,AI2985,9/11/2026,9/11/2026 19:30,Economy,13753,11544,1810,399,7,9/4/2026 12:15
DEL,BOM,Air India,AI2957,9/11/2026,9/11/2026 20:30,Economy,13286,11100,1787,399,7,9/4/2026 12:15
DEL,BOM,Air India,AI2981,9/11/2026,9/11/2026 21:00,Economy,13286,11100,1787,399,7,9/4/2026 12:15
DEL,BOM,Air India,AI2433,9/11/2026,9/11/2026 21:30,Economy,13286,11100,1787,399,7,9/4/2026 12:15
DEL,BOM,Air India,AI2439,9/11/2026,9/11/2026 23:00,Economy,9967,7939,1629,399,7,9/4/2026 12:15
DEL,BOM,Air India,AI9484,9/11/2026,9/11/2026 23:25,Economy,7077,5186,1492,399,7,9/4/2026 12:15
BLR,DEL,Air India,AI2758,9/11/2026,9/11/2026 0:15,Economy,10068,7664,2005,399,7,9/4/2026 12:49
BLR,DEL,Air India,AI9430,9/11/2026,9/11/2026 1:15,Economy,10825,8385,2041,399,7,9/4/2026 12:49
BLR,DEL,Air India,AI2414,9/11/2026,9/11/2026 5:30,Economy,9645,7262,1984,399,7,9/4/2026 12:49
BLR,DEL,Air India,AI2810,9/11/2026,9/11/2026 6:00,Economy,9495,7119,1977,399,7,9/4/2026 12:49
BLR,DEL,Air India,AI2654,9/11/2026,9/11/2026 7:00,Economy,13502,10935,2168,399,7,9/4/2026 12:49
BLR,DEL,Air India,AI2868,9/11/2026,9/11/2026 9:00,Economy,9050,6695,1956,399,7,9/4/2026 12:49
BLR,DEL,Air India,AI2804,9/11/2026,9/11/2026 10:00,Economy,9050,6695,1956,399,7,9/4/2026 12:49
BLR,DEL,Air India,AI2406,9/11/2026,9/11/2026 11:00,Economy,9571,7191,1981,399,7,9/4/2026 12:49
BLR,DEL,Air India,AI2486,9/11/2026,9/11/2026 14:00,Economy,10031,7629,2003,399,7,9/4/2026 12:49
BLR,DEL,Air India,AI9400,9/11/2026,9/11/2026 14:40,Economy,9916,7520,1997,399,7,9/4/2026 12:49
BLR,DEL,Air India,AI2511,9/11/2026,9/11/2026 15:00,Economy,9870,7476,1995,399,7,9/4/2026 12:49
BLR,DEL,Air India,AI428,9/11/2026,9/11/2026 15:30,Economy,9495,7119,1977,399,7,9/4/2026 12:49
BLR,DEL,Air India,AI2418,9/11/2026,9/11/2026 16:30,Economy,12892,10354,2139,399,7,9/4/2026 12:49
BLR,DEL,Air India,AI2820,9/11/2026,9/11/2026 17:25,Economy,14096,11501,2196,399,7,9/4/2026 12:49
BLR,DEL,Air India,AI2802,9/11/2026,9/11/2026 18:20,Economy,15905,13223,2283,399,7,9/4/2026 12:49
BLR,DEL,Air India,AI2665,9/11/2026,9/11/2026 19:40,Economy,15846,13167,2280,399,7,9/4/2026 12:49
BLR,DEL,Air India,AI2818,9/11/2026,9/11/2026 20:00,Economy,16109,13418,2292,399,7,9/4/2026 12:49
BLR,DEL,Air India,AI2488,9/11/2026,9/11/2026 22:30,Economy,15846,13167,2280,399,7,9/4/2026 12:49
DEL,HYD,Air India,AI2577,9/11/2026,9/11/2026 2:00,Economy,9855,7669,1787,399,7,9/4/2026 12:59
BLR,BOM,Air India,AI2858,9/11/2026,9/11/2026 2:20,Economy,7885,5913,1573,399,7,9/4/2026 12:59
DEL,HYD,Air India,AI1793,9/11/2026,9/11/2026 6:00,Economy,10485,8269,1817,399,7,9/4/2026 12:59
BLR,BOM,Air India,AI2402,9/11/2026,9/11/2026 6:35,Economy,8061,6081,1581,399,7,9/4/2026 12:59
BLR,BOM,Air India,AI2604,9/11/2026,9/11/2026 9:15,Economy,8189,6203,1587,399,7,9/4/2026 12:59
DEL,HYD,Air India,AI2542,9/11/2026,9/11/2026 9:40,Economy,10899,8663,1837,399,7,9/4/2026 12:59
BLR,BOM,Air India,AI2852,9/11/2026,9/11/2026 10:30,Economy,9046,7019,1628,399,7,9/4/2026 12:59
DEL,HYD,Air India,AI2859,9/11/2026,9/11/2026 10:30,Economy,10899,8663,1837,399,7,9/4/2026 12:59
BLR,BOM,Air India,AI2630,9/11/2026,9/11/2026 12:05,Economy,19916,17372,2145,399,7,9/4/2026 12:59
DEL,HYD,Air India,AI2899,9/11/2026,9/11/2026 12:30,Economy,9855,7669,1787,399,7,9/4/2026 12:59
DEL,HYD,Air India,AI2465,9/11/2026,9/11/2026 14:30,Economy,10177,7976,1802,399,7,9/4/2026 12:59
DEL,HYD,Air India,AI2519,9/11/2026,9/11/2026 15:30,Economy,10899,8663,1837,399,7,9/4/2026 12:59
DEL,HYD,Air India,AI2879,9/11/2026,9/11/2026 18:00,Economy,11713,9439,1875,399,7,9/4/2026 12:59
BLR,BOM,Air India,AI2854,9/11/2026,9/11/2026 18:05,Economy,20810,18223,2188,399,7,9/4/2026 12:59
BLR,BOM,Air India,AI2610,9/11/2026,9/11/2026 19:00,Economy,20632,18053,2180,399,7,9/4/2026 12:59
DEL,HYD,Air India,AI1708,9/11/2026,9/11/2026 19:30,Economy,12288,9986,1903,399,7,9/4/2026 12:59
BLR,BOM,Air India,AI2850,9/11/2026,9/11/2026 20:30,Economy,18087,15630,2058,399,7,9/4/2026 12:59
DEL,HYD,Air India,AI2871,9/11/2026,9/11/2026 20:30,Economy,11425,9164,1862,399,7,9/4/2026 12:59
BLR,BOM,Air India,AI2642,9/11/2026,9/11/2026 21:30,Economy,20273,17712,2162,399,7,9/4/2026 12:59
DEL,HYD,Air India,AI2449,9/11/2026,9/11/2026 22:00,Economy,11425,9164,1862,399,7,9/4/2026 12:59
BLR,BOM,Air India,AI2840,9/11/2026,9/11/2026 22:30,Economy,17158,14745,2014,399,7,9/4/2026 12:59
DEL,HYD,Air India,AI1706,9/11/2026,9/11/2026 23:00,Economy,10899,8663,1837,399,7,9/4/2026 12:59
BLR,BOM,Air India,AI2811,9/11/2026,9/11/2026 23:40,Economy,20810,18223,2188,399,7,9/4/2026 12:59
BLR,DEL,Air India,AI2758,9/19/2026,9/19/2026 0:15,Economy,12551,10029,2123,399,15,9/4/2026 11:42
BLR,DEL,Air India,AI9430,9/19/2026,9/19/2026 1:15,Economy,9916,7520,1997,399,15,9/4/2026 11:42
DEL,BOM,Air India,AI1745,9/19/2026,9/19/2026 5:00,Economy,7138,5244,1495,399,15,9/4/2026 11:42
BLR,DEL,Air India,AI2414,9/19/2026,9/19/2026 5:30,Economy,10142,7735,2008,399,15,9/4/2026 11:42
BLR,DEL,Air India,AI2810,9/19/2026,9/19/2026 6:00,Economy,9833,7441,1993,399,15,9/4/2026 11:42
DEL,BOM,Air India,AI2975,9/19/2026,9/19/2026 6:30,Economy,7138,5244,1495,399,15,9/4/2026 11:42
DEL,BOM,Air India,AI2429,9/19/2026,9/19/2026 7:00,Economy,6979,5093,1487,399,15,9/4/2026 11:42
BLR,DEL,Air India,AI2654,9/19/2026,9/19/2026 7:00,Economy,10274,7861,2014,399,15,9/4/2026 11:42
DEL,BOM,Air India,AI2943,9/19/2026,9/19/2026 7:30,Economy,6979,5093,1487,399,15,9/4/2026 11:42
DEL,BOM,Air India,AI2678,9/19/2026,9/19/2026 8:30,Economy,6979,5093,1487,399,15,9/4/2026 11:42
DEL,BOM,Air India,AI2963,9/19/2026,9/19/2026 9:00,Economy,6979,5093,1487,399,15,9/4/2026 11:42
BLR,DEL,Air India,AI2868,9/19/2026,9/19/2026 9:00,Economy,10852,8411,2042,399,15,9/4/2026 11:42
DEL,BOM,Air India,AI2927,9/19/2026,9/19/2026 9:30,Economy,6979,5093,1487,399,15,9/4/2026 11:42
DEL,BOM,Air India,AI2995,9/19/2026,9/19/2026 10:00,Economy,6979,5093,1487,399,15,9/4/2026 11:42
BLR,DEL,Air India,AI2804,9/19/2026,9/19/2026 10:00,Economy,11268,8807,2062,399,15,9/4/2026 11:42
DEL,BOM,Air India,AI2425,9/19/2026,9/19/2026 10:30,Economy,6979,5093,1487,399,15,9/4/2026 11:42
DEL,BOM,Air India,AI2945,9/19/2026,9/19/2026 11:00,Economy,6979,5093,1487,399,15,9/4/2026 11:42
BLR,DEL,Air India,AI2406,9/19/2026,9/19/2026 11:00,Economy,11268,8807,2062,399,15,9/4/2026 11:42
DEL,BOM,Air India,AI1785,9/19/2026,9/19/2026 12:00,Economy,6979,5093,1487,399,15,9/4/2026 11:42
DEL,BOM,Air India,AI2951,9/19/2026,9/19/2026 13:30,Economy,7789,5864,1526,399,15,9/4/2026 11:42
BLR,DEL,Air India,AI2486,9/19/2026,9/19/2026 14:00,Economy,10522,8097,2026,399,15,9/4/2026 11:42
BLR,DEL,Air India,AI9400,9/19/2026,9/19/2026 14:40,Economy,9566,7186,1981,399,15,9/4/2026 11:42
BLR,DEL,Air India,AI2511,9/19/2026,9/19/2026 15:00,Economy,10687,8254,2034,399,15,9/4/2026 11:42
DEL,BOM,Air India,AI2933,9/19/2026,9/19/2026 15:30,Economy,6979,5093,1487,399,15,9/4/2026 11:42
BLR,DEL,Air India,AI428,9/19/2026,9/19/2026 15:30,Economy,11092,8640,2053,399,15,9/4/2026 11:42
DEL,BOM,Air India,AI1777,9/19/2026,9/19/2026 16:00,Economy,6979,5093,1487,399,15,9/4/2026 11:42
DEL,BOM,Air India,AI1780,9/19/2026,9/19/2026 16:10,Economy,6979,5093,1487,399,15,9/4/2026 11:42
DEL,BOM,Air India,AI2941,9/19/2026,9/19/2026 16:30,Economy,6979,5093,1487,399,15,9/4/2026 11:42
BLR,DEL,Air India,AI2418,9/19/2026,9/19/2026 16:30,Economy,10522,8097,2026,399,15,9/4/2026 11:42
DEL,BOM,Air India,AI441,9/19/2026,9/19/2026 17:00,Economy,7348,5444,1505,399,15,9/4/2026 11:42
BLR,DEL,Air India,AI2820,9/19/2026,9/19/2026 17:25,Economy,10274,7861,2014,399,15,9/4/2026 11:42
DEL,BOM,Air India,AI2955,9/19/2026,9/19/2026 18:00,Economy,6979,5093,1487,399,15,9/4/2026 11:42
BLR,DEL,Air India,AI2802,9/19/2026,9/19/2026 18:20,Economy,10522,8097,2026,399,15,9/4/2026 11:42
DEL,BOM,Air India,AI2977,9/19/2026,9/19/2026 19:00,Economy,6979,5093,1487,399,15,9/4/2026 11:42
DEL,BOM,Air India,AI2985,9/19/2026,9/19/2026 19:30,Economy,6979,5093,1487,399,15,9/4/2026 11:42
BLR,DEL,Air India,AI2665,9/19/2026,9/19/2026 19:40,Economy,9756,7367,1990,399,15,9/4/2026 11:42
BLR,DEL,Air India,AI2818,9/19/2026,9/19/2026 20:00,Economy,10439,8018,2022,399,15,9/4/2026 11:42
DEL,BOM,Air India,AI2957,9/19/2026,9/19/2026 20:30,Economy,7138,5244,1495,399,15,9/4/2026 11:42
DEL,BOM,Air India,AI2981,9/19/2026,9/19/2026 21:00,Economy,7348,5444,1505,399,15,9/4/2026 11:42
DEL,BOM,Air India,AI2433,9/19/2026,9/19/2026 21:30,Economy,7609,5693,1517,399,15,9/4/2026 11:42
BLR,DEL,Air India,AI2488,9/19/2026,9/19/2026 22:30,Economy,10274,7861,2014,399,15,9/4/2026 11:42
DEL,BOM,Air India,AI2439,9/19/2026,9/19/2026 23:00,Economy,6979,5093,1487,399,15,9/4/2026 11:42
DEL,BOM,Air India,AI9484,9/19/2026,9/19/2026 23:25,Economy,6976,5090,1487,399,15,9/4/2026 11:42
DEL,HYD,Air India,AI2577,9/19/2026,9/19/2026 2:00,Economy,9855,7669,1787,399,15,9/4/2026 11:54
BLR,BOM,Air India,AI2858,9/19/2026,9/19/2026 2:20,Economy,6684,4770,1515,399,15,9/4/2026 11:54
BLR,BOM,Air India,AI3306,9/19/2026,9/19/2026 2:25,Economy,6084,4198,1487,399,15,9/4/2026 11:54
DEL,HYD,Air India,AI1793,9/19/2026,9/19/2026 6:00,Economy,10910,8674,1837,399,15,9/4/2026 11:54
BLR,BOM,Air India,AI2402,9/19/2026,9/19/2026 6:35,Economy,7746,5781,1566,399,15,9/4/2026 11:54
BLR,BOM,Air India,AI2411,9/19/2026,9/19/2026 8:20,Economy,7431,5481,1551,399,15,9/4/2026 11:54
BLR,BOM,Air India,AI2604,9/19/2026,9/19/2026 9:15,Economy,7546,5591,1556,399,15,9/4/2026 11:54
DEL,HYD,Air India,AI2542,9/19/2026,9/19/2026 9:40,Economy,9855,7669,1787,399,15,9/4/2026 11:54
BLR,BOM,Air India,AI2852,9/19/2026,9/19/2026 10:30,Economy,7928,5954,1575,399,15,9/4/2026 11:54
DEL,HYD,Air India,AI2859,9/19/2026,9/19/2026 10:30,Economy,9855,7669,1787,399,15,9/4/2026 11:54
BLR,BOM,Air India,AI2630,9/19/2026,9/19/2026 12:05,Economy,8617,6611,1607,399,15,9/4/2026 11:54
DEL,HYD,Air India,AI2899,9/19/2026,9/19/2026 12:30,Economy,9855,7669,1787,399,15,9/4/2026 11:54
DEL,HYD,Air India,AI2465,9/19/2026,9/19/2026 14:30,Economy,10177,7976,1802,399,15,9/4/2026 11:54
DEL,HYD,Air India,AI2519,9/19/2026,9/19/2026 15:30,Economy,10096,7899,1798,399,15,9/4/2026 11:54
DEL,HYD,Air India,AI2879,9/19/2026,9/19/2026 18:00,Economy,9855,7669,1787,399,15,9/4/2026 11:54
BLR,BOM,Air India,AI2854,9/19/2026,9/19/2026 18:05,Economy,8316,6324,1593,399,15,9/4/2026 11:54
BLR,BOM,Air India,AI2610,9/19/2026,9/19/2026 19:00,Economy,7988,6012,1577,399,15,9/4/2026 11:54
DEL,HYD,Air India,AI1708,9/19/2026,9/19/2026 19:30,Economy,10015,7822,1794,399,15,9/4/2026 11:54
BLR,BOM,Air India,AI2850,9/19/2026,9/19/2026 20:30,Economy,7868,5897,1572,399,15,9/4/2026 11:54
DEL,HYD,Air India,AI2871,9/19/2026,9/19/2026 20:30,Economy,9855,7669,1787,399,15,9/4/2026 11:54
BLR,BOM,Air India,AI2642,9/19/2026,9/19/2026 21:30,Economy,7746,5781,1566,399,15,9/4/2026 11:54
DEL,HYD,Air India,AI2449,9/19/2026,9/19/2026 22:00,Economy,12082,9790,1893,399,15,9/4/2026 11:54
BLR,BOM,Air India,AI2840,9/19/2026,9/19/2026 22:30,Economy,6084,4198,1487,399,15,9/4/2026 11:54
DEL,HYD,Air India,AI1706,9/19/2026,9/19/2026 23:00,Economy,9855,7669,1787,399,15,9/4/2026 11:54
BLR,BOM,Air India,AI2811,9/19/2026,9/19/2026 23:40,Economy,5714,3846,1469,399,15,9/4/2026 11:54
BLR,DEL,Air India,AI2758,10/4/2026,10/4/2026 0:15,Economy,8814,6470,1945,399,30,9/4/2026 12:10
DEL,HYD,Air India,AI2577,10/4/2026,10/4/2026 2:00,Economy,10315,8107,1809,399,30,9/4/2026 12:10
BLR,BOM,Air India,AI2858,10/4/2026,10/4/2026 2:20,Economy,7092,5158,1535,399,30,9/4/2026 12:10
DEL,BOM,Air India,AI1745,10/4/2026,10/4/2026 5:00,Economy,6979,5093,1487,399,30,9/4/2026 12:10
BLR,DEL,Air India,AI2414,10/4/2026,10/4/2026 5:30,Economy,8814,6470,1945,399,30,9/4/2026 12:10
BLR,DEL,Air India,AI2810,10/4/2026,10/4/2026 6:00,Economy,8814,6470,1945,399,30,9/4/2026 12:10
DEL,HYD,Air India,AI1793,10/4/2026,10/4/2026 6:00,Economy,10015,7822,1794,399,30,9/4/2026 12:10
DEL,BOM,Air India,AI2975,10/4/2026,10/4/2026 6:30,Economy,6979,5093,1487,399,30,9/4/2026 12:10
BLR,BOM,Air India,AI2402,10/4/2026,10/4/2026 6:35,Economy,8013,6035,1579,399,30,9/4/2026 12:10
BLR,DEL,Air India,AI9772,10/4/2026,10/4/2026 6:40,Economy,10638,8207,2032,399,30,9/4/2026 12:10
DEL,BOM,Air India,AI2429,10/4/2026,10/4/2026 7:00,Economy,6979,5093,1487,399,30,9/4/2026 12:10
BLR,DEL,Air India,AI2654,10/4/2026,10/4/2026 7:00,Economy,10828,8388,2041,399,30,9/4/2026 12:10
DEL,HYD,Air India,AI2560,10/4/2026,10/4/2026 7:00,Economy,9855,7669,1787,399,30,9/4/2026 12:10
DEL,BOM,Air India,AI2943,10/4/2026,10/4/2026 7:30,Economy,7140,5246,1495,399,30,9/4/2026 12:10
DEL,BOM,Air India,AI2678,10/4/2026,10/4/2026 8:30,Economy,7138,5244,1495,399,30,9/4/2026 12:10
DEL,BOM,Air India,AI2963,10/4/2026,10/4/2026 9:00,Economy,7138,5244,1495,399,30,9/4/2026 12:10
BLR,DEL,Air India,AI2868,10/4/2026,10/4/2026 9:00,Economy,8949,6599,1951,399,30,9/4/2026 12:10
BLR,BOM,Air India,AI2604,10/4/2026,10/4/2026 9:15,Economy,8078,6097,1582,399,30,9/4/2026 12:10
DEL,BOM,Air India,AI2927,10/4/2026,10/4/2026 9:30,Economy,7138,5244,1495,399,30,9/4/2026 12:10
DEL,HYD,Air India,AI2542,10/4/2026,10/4/2026 9:40,Economy,10257,8052,1806,399,30,9/4/2026 12:10
DEL,BOM,Air India,AI2995,10/4/2026,10/4/2026 10:00,Economy,7138,5244,1495,399,30,9/4/2026 12:10
BLR,DEL,Air India,AI2804,10/4/2026,10/4/2026 10:00,Economy,8814,6470,1945,399,30,9/4/2026 12:10
DEL,BOM,Air India,AI2425,10/4/2026,10/4/2026 10:30,Economy,7138,5244,1495,399,30,9/4/2026 12:10
BLR,BOM,Air India,AI2852,10/4/2026,10/4/2026 10:30,Economy,8322,6330,1593,399,30,9/4/2026 12:10
DEL,HYD,Air India,AI2859,10/4/2026,10/4/2026 10:30,Economy,10096,7899,1798,399,30,9/4/2026 12:10
DEL,BOM,Air India,AI2945,10/4/2026,10/4/2026 11:00,Economy,7348,5444,1505,399,30,9/4/2026 12:10
BLR,DEL,Air India,AI2406,10/4/2026,10/4/2026 11:00,Economy,9018,6664,1955,399,30,9/4/2026 12:10
DEL,BOM,Air India,AI1785,10/4/2026,10/4/2026 12:00,Economy,7348,5444,1505,399,30,9/4/2026 12:10
BLR,BOM,Air India,AI2630,10/4/2026,10/4/2026 12:05,Economy,8861,6843,1619,399,30,9/4/2026 12:10
DEL,HYD,Air India,AI2899,10/4/2026,10/4/2026 12:30,Economy,13764,11392,1973,399,30,9/4/2026 12:10
DEL,BOM,Air India,AI2951,10/4/2026,10/4/2026 13:30,Economy,7348,5444,1505,399,30,9/4/2026 12:10
BLR,DEL,Air India,AI2486,10/4/2026,10/4/2026 14:00,Economy,9018,6664,1955,399,30,9/4/2026 12:10
DEL,BOM,Air India,AI2441,10/4/2026,10/4/2026 14:10,Economy,7348,5444,1505,399,30,9/4/2026 12:10
DEL,BOM,Air India,AI1780,10/4/2026,10/4/2026 14:30,Economy,6979,5093,1487,399,30,9/4/2026 12:10
BLR,DEL,Air India,AI428,10/4/2026,10/4/2026 14:30,Economy,8814,6470,1945,399,30,9/4/2026 12:10
DEL,HYD,Air India,AI2465,10/4/2026,10/4/2026 14:30,Economy,12098,9805,1894,399,30,9/4/2026 12:10
BLR,DEL,Air India,AI2511,10/4/2026,10/4/2026 15:00,Economy,9154,6794,1961,399,30,9/4/2026 12:10
DEL,BOM,Air India,AI2933,10/4/2026,10/4/2026 15:30,Economy,10630,8570,1661,399,30,9/4/2026 12:10
DEL,HYD,Air India,AI2519,10/4/2026,10/4/2026 15:30,Economy,11172,8923,1850,399,30,9/4/2026 12:10
DEL,BOM,Air India,AI1777,10/4/2026,10/4/2026 16:00,Economy,7576,5662,1515,399,30,9/4/2026 12:10
BLR,DEL,Air India,AI2418,10/4/2026,10/4/2026 16:30,Economy,9632,7249,1984,399,30,9/4/2026 12:10
DEL,BOM,Air India,AI441,10/4/2026,10/4/2026 17:00,Economy,7348,5444,1505,399,30,9/4/2026 12:10
BLR,DEL,Air India,AI2820,10/4/2026,10/4/2026 17:25,Economy,9632,7249,1984,399,30,9/4/2026 12:10
BLR,DEL,Air India,AI9400,10/4/2026,10/4/2026 17:35,Economy,11149,8694,2056,399,30,9/4/2026 12:10
DEL,BOM,Air India,AI9486,10/4/2026,10/4/2026 17:50,Economy,7636,5719,1518,399,30,9/4/2026 12:10
DEL,BOM,Air India,AI2955,10/4/2026,10/4/2026 18:00,Economy,8033,6097,1537,399,30,9/4/2026 12:10
DEL,HYD,Air India,AI2879,10/4/2026,10/4/2026 18:00,Economy,13056,10718,1939,399,30,9/4/2026 12:10
BLR,BOM,Air India,AI2854,10/4/2026,10/4/2026 18:05,Economy,9842,7777,1666,399,30,9/4/2026 12:10
BLR,DEL,Air India,AI2802,10/4/2026,10/4/2026 18:20,Economy,10522,8097,2026,399,30,9/4/2026 12:10
BLR,BOM,Air India,AI2610,10/4/2026,10/4/2026 19:00,Economy,9163,7131,1633,399,30,9/4/2026 12:10
DEL,BOM,Air India,AI2985,10/4/2026,10/4/2026 19:30,Economy,7348,5444,1505,399,30,9/4/2026 12:10
DEL,HYD,Air India,AI1708,10/4/2026,10/4/2026 19:30,Economy,11617,9347,1871,399,30,9/4/2026 12:10
BLR,DEL,Air India,AI2665,10/4/2026,10/4/2026 19:40,Economy,8814,6470,1945,399,30,9/4/2026 12:10
DEL,BOM,Air India,AI2805,10/4/2026,10/4/2026 20:00,Economy,7348,5444,1505,399,30,9/4/2026 12:10
BLR,DEL,Air India,AI2818,10/4/2026,10/4/2026 20:00,Economy,8949,6599,1951,399,30,9/4/2026 12:10
DEL,BOM,Air India,AI2957,10/4/2026,10/4/2026 20:30,Economy,7348,5444,1505,399,30,9/4/2026 12:10
BLR,BOM,Air India,AI2850,10/4/2026,10/4/2026 20:30,Economy,8471,6472,1600,399,30,9/4/2026 12:10
DEL,HYD,Air India,AI2871,10/4/2026,10/4/2026 20:30,Economy,11713,9439,1875,399,30,9/4/2026 12:10
DEL,BOM,Air India,AI2981,10/4/2026,10/4/2026 21:00,Economy,7519,5607,1513,399,30,9/4/2026 12:10
DEL,BOM,Air India,AI2433,10/4/2026,10/4/2026 21:30,Economy,7348,5444,1505,399,30,9/4/2026 12:10
BLR,BOM,Air India,AI2642,10/4/2026,10/4/2026 21:30,Economy,9099,7070,1630,399,30,9/4/2026 12:10
BLR,DEL,Air India,AI2814,10/4/2026,10/4/2026 22:00,Economy,8814,6470,1945,399,30,9/4/2026 12:10
DEL,HYD,Air India,AI2449,10/4/2026,10/4/2026 22:00,Economy,12082,9790,1893,399,30,9/4/2026 12:10
BLR,DEL,Air India,AI2488,10/4/2026,10/4/2026 22:30,Economy,8814,6470,1945,399,30,9/4/2026 12:10
BLR,BOM,Air India,AI2840,10/4/2026,10/4/2026 22:30,Economy,8339,6346,1594,399,30,9/4/2026 12:10
DEL,BOM,Air India,AI2439,10/4/2026,10/4/2026 23:00,Economy,7413,5506,1508,399,30,9/4/2026 12:10
DEL,HYD,Air India,AI1706,10/4/2026,10/4/2026 23:00,Economy,10315,8107,1809,399,30,9/4/2026 12:10
DEL,BOM,Air India,AI9484,10/4/2026,10/4/2026 23:25,Economy,6923,5040,1484,399,30,9/4/2026 12:10
BLR,BOM,Air India,AI2811,10/4/2026,10/4/2026 23:40,Economy,8461,6462,1600,399,30,9/4/2026 12:10
BLR,DEL,Air India,AI2758,10/19/2026,10/19/2026 0:15,Economy,10372,7954,2019,399,45,9/4/2026 11:45
BLR,DEL,Air India,AI9430,10/19/2026,10/19/2026 1:15,Economy,16103,13412,2292,399,45,9/4/2026 11:45
DEL,BOM,Air India,AI1745,10/19/2026,10/19/2026 5:00,Economy,8788,6816,1573,399,45,9/4/2026 11:45
BLR,DEL,Air India,AI2810,10/19/2026,10/19/2026 6:00,Economy,10761,8324,2038,399,45,9/4/2026 11:45
DEL,BOM,Air India,AI2975,10/19/2026,10/19/2026 6:30,Economy,8233,6287,1547,399,45,9/4/2026 11:45
BLR,DEL,Air India,AI9772,10/19/2026,10/19/2026 6:40,Economy,11691,9210,2082,399,45,9/4/2026 11:45
DEL,BOM,Air India,AI2429,10/19/2026,10/19/2026 7:00,Economy,8233,6287,1547,399,45,9/4/2026 11:45
BLR,DEL,Air India,AI2654,10/19/2026,10/19/2026 7:00,Economy,12369,9856,2114,399,45,9/4/2026 11:45
DEL,BOM,Air India,AI2943,10/19/2026,10/19/2026 7:30,Economy,8296,6347,1550,399,45,9/4/2026 11:45
DEL,BOM,Air India,AI2678,10/19/2026,10/19/2026 8:30,Economy,8233,6287,1547,399,45,9/4/2026 11:45
DEL,BOM,Air India,AI2963,10/19/2026,10/19/2026 9:00,Economy,7760,5837,1524,399,45,9/4/2026 11:45
BLR,DEL,Air India,AI2868,10/19/2026,10/19/2026 9:00,Economy,11017,8568,2050,399,45,9/4/2026 11:45
DEL,BOM,Air India,AI2927,10/19/2026,10/19/2026 9:30,Economy,7644,5726,1519,399,45,9/4/2026 11:45
DEL,BOM,Air India,AI2995,10/19/2026,10/19/2026 10:00,Economy,7468,5559,1510,399,45,9/4/2026 11:45
BLR,DEL,Air India,AI2804,10/19/2026,10/19/2026 10:00,Economy,10372,7954,2019,399,45,9/4/2026 11:45
DEL,BOM,Air India,AI2425,10/19/2026,10/19/2026 10:30,Economy,7468,5559,1510,399,45,9/4/2026 11:45
DEL,BOM,Air India,AI2945,10/19/2026,10/19/2026 11:00,Economy,7468,5559,1510,399,45,9/4/2026 11:45
BLR,DEL,Air India,AI2406,10/19/2026,10/19/2026 11:00,Economy,10946,8501,2046,399,45,9/4/2026 11:45
DEL,BOM,Air India,AI2951,10/19/2026,10/19/2026 13:30,Economy,7468,5559,1510,399,45,9/4/2026 11:45
BLR,DEL,Air India,AI2486,10/19/2026,10/19/2026 14:00,Economy,10372,7954,2019,399,45,9/4/2026 11:45
DEL,BOM,Air India,AI2441,10/19/2026,10/19/2026 14:10,Economy,7468,5559,1510,399,45,9/4/2026 11:45
DEL,BOM,Air India,AI1780,10/19/2026,10/19/2026 14:30,Economy,7468,5559,1510,399,45,9/4/2026 11:45
BLR,DEL,Air India,AI428,10/19/2026,10/19/2026 14:30,Economy,10372,7954,2019,399,45,9/4/2026 11:45
BLR,DEL,Air India,AI2511,10/19/2026,10/19/2026 15:00,Economy,10372,7954,2019,399,45,9/4/2026 11:45
DEL,BOM,Air India,AI2933,10/19/2026,10/19/2026 15:30,Economy,7468,5559,1510,399,45,9/4/2026 11:45
DEL,BOM,Air India,AI1777,10/19/2026,10/19/2026 16:00,Economy,7644,5726,1519,399,45,9/4/2026 11:45
BLR,DEL,Air India,AI2418,10/19/2026,10/19/2026 16:30,Economy,10376,7958,2019,399,45,9/4/2026 11:45
DEL,BOM,Air India,AI441,10/19/2026,10/19/2026 17:00,Economy,7468,5559,1510,399,45,9/4/2026 11:45
BLR,DEL,Air India,AI2820,10/19/2026,10/19/2026 17:25,Economy,10372,7954,2019,399,45,9/4/2026 11:45
BLR,DEL,Air India,AI9400,10/19/2026,10/19/2026 17:35,Economy,16103,13412,2292,399,45,9/4/2026 11:45
DEL,BOM,Air India,AI9486,10/19/2026,10/19/2026 17:50,Economy,6923,5040,1484,399,45,9/4/2026 11:45
DEL,BOM,Air India,AI2955,10/19/2026,10/19/2026 18:00,Economy,7819,5893,1527,399,45,9/4/2026 11:45
BLR,DEL,Air India,AI2802,10/19/2026,10/19/2026 18:20,Economy,10375,7957,2019,399,45,9/4/2026 11:45
DEL,BOM,Air India,AI2977,10/19/2026,10/19/2026 19:00,Economy,7936,6004,1533,399,45,9/4/2026 11:45
DEL,BOM,Air India,AI2985,10/19/2026,10/19/2026 19:30,Economy,7644,5726,1519,399,45,9/4/2026 11:45
BLR,DEL,Air India,AI2665,10/19/2026,10/19/2026 19:40,Economy,10372,7954,2019,399,45,9/4/2026 11:45
DEL,BOM,Air India,AI2805,10/19/2026,10/19/2026 20:00,Economy,7468,5559,1510,399,45,9/4/2026 11:45
BLR,DEL,Air India,AI2818,10/19/2026,10/19/2026 20:00,Economy,10539,8113,2027,399,45,9/4/2026 11:45
DEL,BOM,Air India,AI2957,10/19/2026,10/19/2026 20:30,Economy,7468,5559,1510,399,45,9/4/2026 11:45
DEL,BOM,Air India,AI2999,10/19/2026,10/19/2026 22:00,Economy,7468,5559,1510,399,45,9/4/2026 11:45
BLR,DEL,Air India,AI2814,10/19/2026,10/19/2026 22:00,Economy,10372,7954,2019,399,45,9/4/2026 11:45
BLR,DEL,Air India,AI2488,10/19/2026,10/19/2026 22:30,Economy,10372,7954,2019,399,45,9/4/2026 11:45
DEL,BOM,Air India,AI2439,10/19/2026,10/19/2026 23:00,Economy,7760,5837,1524,399,45,9/4/2026 11:45
DEL,BOM,Air India,AI9484,10/19/2026,10/19/2026 23:25,Economy,6923,5040,1484,399,45,9/4/2026 11:45
DEL,HYD,Air India,AI2577,10/19/2026,10/19/2026 2:00,Economy,17052,14523,2130,399,45,9/4/2026 11:59
DEL,HYD,Air India,AI1793,10/19/2026,10/19/2026 6:00,Economy,10419,8206,1814,399,45,9/4/2026 11:59
DEL,HYD,Air India,AI2560,10/19/2026,10/19/2026 7:00,Economy,10257,8052,1806,399,45,9/4/2026 11:59
DEL,HYD,Air India,AI2542,10/19/2026,10/19/2026 9:40,Economy,9855,7669,1787,399,45,9/4/2026 11:59
DEL,HYD,Air India,AI2859,10/19/2026,10/19/2026 10:30,Economy,10096,7899,1798,399,45,9/4/2026 11:59
DEL,HYD,Air India,AI2899,10/19/2026,10/19/2026 12:30,Economy,9855,7669,1787,399,45,9/4/2026 11:59
DEL,HYD,Air India,AI2465,10/19/2026,10/19/2026 14:30,Economy,10177,7976,1802,399,45,9/4/2026 11:59
DEL,HYD,Air India,AI2519,10/19/2026,10/19/2026 15:30,Economy,11425,9164,1862,399,45,9/4/2026 11:59
DEL,HYD,Air India,AI2879,10/19/2026,10/19/2026 18:00,Economy,11425,9164,1862,399,45,9/4/2026 11:59
DEL,HYD,Air India,AI1708,10/19/2026,10/19/2026 19:30,Economy,17052,14523,2130,399,45,9/4/2026 11:59
DEL,HYD,Air India,AI2871,10/19/2026,10/19/2026 20:30,Economy,11425,9164,1862,399,45,9/4/2026 11:59
DEL,HYD,Air India,AI2449,10/19/2026,10/19/2026 22:00,Economy,11425,9164,1862,399,45,9/4/2026 11:59
DEL,HYD,Air India,AI1706,10/19/2026,10/19/2026 23:00,Economy,14600,12188,2013,399,45,9/4/2026 11:59
BLR,BOM,Air India,AI2858,10/19/2026,10/19/2026 2:20,Economy,7253,5312,1542,399,45,9/4/2026 12:03
BLR,BOM,Air India,AI2402,10/19/2026,10/19/2026 6:35,Economy,7576,5619,1558,399,45,9/4/2026 12:03
BLR,BOM,Air India,AI2846,10/19/2026,10/19/2026 8:20,Economy,10203,8121,1683,399,45,9/4/2026 12:03
BLR,BOM,Air India,AI2604,10/19/2026,10/19/2026 9:15,Economy,10980,8861,1720,399,45,9/4/2026 12:03
BLR,BOM,Air India,AI2852,10/19/2026,10/19/2026 10:30,Economy,11281,9148,1734,399,45,9/4/2026 12:03
BLR,BOM,Air India,AI2630,10/19/2026,10/19/2026 12:05,Economy,9739,7679,1661,399,45,9/4/2026 12:03
BLR,BOM,Air India,AI2854,10/19/2026,10/19/2026 18:05,Economy,8504,6503,1602,399,45,9/4/2026 12:03
BLR,BOM,Air India,AI2610,10/19/2026,10/19/2026 19:00,Economy,8512,6511,1602,399,45,9/4/2026 12:03
BLR,BOM,Air India,AI2850,10/19/2026,10/19/2026 20:30,Economy,8282,6292,1591,399,45,9/4/2026 12:03
BLR,BOM,Air India,AI2642,10/19/2026,10/19/2026 21:30,Economy,8597,6592,1606,399,45,9/4/2026 12:03
BLR,BOM,Air India,AI2840,10/19/2026,10/19/2026 22:30,Economy,8227,6239,1589,399,45,9/4/2026 12:03
BLR,BOM,Air India,AI2811,10/19/2026,10/19/2026 23:40,Economy,8486,6486,1601,399,45,9/4/2026 12:03
DEL,BOM,Air India,AI1745,9/11/2026,9/11/2026 5:00,Economy,6979,5093,1487,399,7,9/4/2026 17:41
DEL,BOM,Air India,AI9486,9/11/2026,9/11/2026 5:35,Economy,6976,5090,1487,399,7,9/4/2026 17:41
DEL,BOM,Air India,AI2975,9/11/2026,9/11/2026 6:30,Economy,6979,5093,1487,399,7,9/4/2026 17:41
DEL,BOM,Air India,AI2429,9/11/2026,9/11/2026 7:00,Economy,6979,5093,1487,399,7,9/4/2026 17:41
DEL,BOM,Air India,AI2943,9/11/2026,9/11/2026 7:30,Economy,6979,5093,1487,399,7,9/4/2026 17:41
DEL,BOM,Air India,AI2678,9/11/2026,9/11/2026 8:30,Economy,6979,5093,1487,399,7,9/4/2026 17:41
DEL,BOM,Air India,AI2927,9/11/2026,9/11/2026 9:30,Economy,6979,5093,1487,399,7,9/4/2026 17:41
DEL,BOM,Air India,AI2995,9/11/2026,9/11/2026 10:00,Economy,6979,5093,1487,399,7,9/4/2026 17:41
DEL,BOM,Air India,AI2945,9/11/2026,9/11/2026 11:00,Economy,6979,5093,1487,399,7,9/4/2026 17:41
DEL,BOM,Air India,AI1785,9/11/2026,9/11/2026 12:00,Economy,6979,5093,1487,399,7,9/4/2026 17:41
DEL,BOM,Air India,AI2951,9/11/2026,9/11/2026 13:30,Economy,7609,5693,1517,399,7,9/4/2026 17:41
DEL,BOM,Air India,AI2441,9/11/2026,9/11/2026 14:10,Economy,6979,5093,1487,399,7,9/4/2026 17:41
DEL,BOM,Air India,AI2933,9/11/2026,9/11/2026 15:30,Economy,6979,5093,1487,399,7,9/4/2026 17:41
DEL,BOM,Air India,AI1777,9/11/2026,9/11/2026 16:00,Economy,6979,5093,1487,399,7,9/4/2026 17:41
DEL,BOM,Air India,AI1780,9/11/2026,9/11/2026 16:10,Economy,6979,5093,1487,399,7,9/4/2026 17:41
DEL,BOM,Air India,AI2941,9/11/2026,9/11/2026 16:30,Economy,6979,5093,1487,399,7,9/4/2026 17:41
DEL,BOM,Air India,AI441,9/11/2026,9/11/2026 17:00,Economy,7348,5444,1505,399,7,9/4/2026 17:41
DEL,BOM,Air India,AI2955,9/11/2026,9/11/2026 18:00,Economy,11067,8986,1682,399,7,9/4/2026 17:41
DEL,BOM,Air India,AI2977,9/11/2026,9/11/2026 19:00,Economy,22028,19425,2204,399,7,9/4/2026 17:41
DEL,BOM,Air India,AI2985,9/11/2026,9/11/2026 19:30,Economy,13753,11544,1810,399,7,9/4/2026 17:41
DEL,BOM,Air India,AI2957,9/11/2026,9/11/2026 20:30,Economy,13286,11100,1787,399,7,9/4/2026 17:41
DEL,BOM,Air India,AI2981,9/11/2026,9/11/2026 21:00,Economy,13286,11100,1787,399,7,9/4/2026 17:41
DEL,BOM,Air India,AI2433,9/11/2026,9/11/2026 21:30,Economy,13286,11100,1787,399,7,9/4/2026 17:41
DEL,BOM,Air India,AI2439,9/11/2026,9/11/2026 23:00,Economy,9967,7939,1629,399,7,9/4/2026 17:41
DEL,BOM,Air India,AI9484,9/11/2026,9/11/2026 23:25,Economy,7077,5186,1492,399,7,9/4/2026 17:41
BLR,DEL,Air India,AI2758,9/11/2026,9/11/2026 0:15,Economy,9782,8001,1581,200,7,9/4/2026 17:54
BLR,DEL,Air India,AI9430,9/11/2026,9/11/2026 1:15,Economy,10174,8384,1590,200,7,9/4/2026 17:54
BLR,DEL,Air India,AI2414,9/11/2026,9/11/2026 5:30,Economy,9025,7262,1563,200,7,9/4/2026 17:54
BLR,DEL,Air India,AI2810,9/11/2026,9/11/2026 6:00,Economy,8877,7118,1559,200,7,9/4/2026 17:54
BLR,DEL,Air India,AI2654,9/11/2026,9/11/2026 7:00,Economy,12908,11050,1658,200,7,9/4/2026 17:54
BLR,DEL,Air India,AI2868,9/11/2026,9/11/2026 9:00,Economy,9171,7404,1567,200,7,9/4/2026 17:54
BLR,DEL,Air India,AI2804,9/11/2026,9/11/2026 10:00,Economy,8443,6694,1549,200,7,9/4/2026 17:54
BLR,DEL,Air India,AI2406,9/11/2026,9/11/2026 11:00,Economy,8966,7191,1575,200,7,9/4/2026 17:54
BLR,DEL,Air India,AI2486,9/11/2026,9/11/2026 14:00,Economy,9215,7416,1599,200,7,9/4/2026 17:54
BLR,DEL,Air India,AI9400,9/11/2026,9/11/2026 14:40,Economy,9318,7519,1599,200,7,9/4/2026 17:54
BLR,DEL,Air India,AI2511,9/11/2026,9/11/2026 15:00,Economy,9275,7475,1600,200,7,9/4/2026 17:54
BLR,DEL,Air India,AI428,9/11/2026,9/11/2026 15:30,Economy,8909,7118,1591,200,7,9/4/2026 17:54
BLR,DEL,Air India,AI2418,9/11/2026,9/11/2026 16:30,Economy,12225,10353,1672,200,7,9/4/2026 17:54
DEL,HYD,Air India,AI2577,9/11/2026,9/11/2026 2:00,Economy,9379,7216,1764,399,7,9/4/2026 17:59
DEL,HYD,Air India,AI1793,9/11/2026,9/11/2026 6:00,Economy,10485,8269,1817,399,7,9/4/2026 17:59
DEL,HYD,Air India,AI2542,9/11/2026,9/11/2026 9:40,Economy,10899,8663,1837,399,7,9/4/2026 17:59
DEL,HYD,Air India,AI2859,9/11/2026,9/11/2026 10:30,Economy,10899,8663,1837,399,7,9/4/2026 17:59
DEL,HYD,Air India,AI2899,9/11/2026,9/11/2026 12:30,Economy,9855,7669,1787,399,7,9/4/2026 17:59
DEL,HYD,Air India,AI2465,9/11/2026,9/11/2026 14:30,Economy,10177,7976,1802,399,7,9/4/2026 17:59
DEL,HYD,Air India,AI2519,9/11/2026,9/11/2026 15:30,Economy,10899,8663,1837,399,7,9/4/2026 17:59
DEL,HYD,Air India,AI2879,9/11/2026,9/11/2026 18:00,Economy,11713,9439,1875,399,7,9/4/2026 17:59
DEL,HYD,Air India,AI1708,9/11/2026,9/11/2026 19:30,Economy,12288,9986,1903,399,7,9/4/2026 17:59
DEL,HYD,Air India,AI2871,9/11/2026,9/11/2026 20:30,Economy,11425,9164,1862,399,7,9/4/2026 17:59
DEL,HYD,Air India,AI2449,9/11/2026,9/11/2026 22:00,Economy,11425,9164,1862,399,7,9/4/2026 17:59
DEL,HYD,Air India,AI1706,9/11/2026,9/11/2026 23:00,Economy,10899,8663,1837,399,7,9/4/2026 17:59
BLR,BOM,Air India,AI2858,9/11/2026,9/11/2026 2:20,Economy,7885,5913,1573,399,7,9/4/2026 18:04
BLR,BOM,Air India,AI2402,9/11/2026,9/11/2026 6:35,Economy,8481,6481,1601,399,7,9/4/2026 18:04
BLR,BOM,Air India,AI2604,9/11/2026,9/11/2026 9:15,Economy,8189,6203,1587,399,7,9/4/2026 18:04
BLR,BOM,Air India,AI2852,9/11/2026,9/11/2026 10:30,Economy,9581,7529,1653,399,7,9/4/2026 18:04
BLR,BOM,Air India,AI2630,9/11/2026,9/11/2026 12:05,Economy,19916,17372,2145,399,7,9/4/2026 18:04
BLR,BOM,Air India,AI2854,9/11/2026,9/11/2026 18:05,Economy,20810,18223,2188,399,7,9/4/2026 18:04
BLR,BOM,Air India,AI2610,9/11/2026,9/11/2026 19:00,Economy,20632,18053,2180,399,7,9/4/2026 18:04
BLR,BOM,Air India,AI2850,9/11/2026,9/11/2026 20:30,Economy,18087,15630,2058,399,7,9/4/2026 18:04
BLR,BOM,Air India,AI2642,9/11/2026,9/11/2026 21:30,Economy,20273,17712,2162,399,7,9/4/2026 18:04
BLR,BOM,Air India,AI2840,9/11/2026,9/11/2026 22:30,Economy,17158,14745,2014,399,7,9/4/2026 18:04
BLR,BOM,Air India,AI2811,9/11/2026,9/11/2026 23:40,Economy,20810,18223,2188,399,7,9/4/2026 18:04
BLR,DEL,Air India,AI2758,9/19/2026,9/19/2026 0:15,Economy,12551,10029,2123,399,15,9/4/2026 16:53
BLR,DEL,Air India,AI9430,9/19/2026,9/19/2026 1:15,Economy,9916,7520,1997,399,15,9/4/2026 16:53
BLR,BOM,Air India,AI2858,9/19/2026,9/19/2026 2:20,Economy,6084,4198,1487,399,15,9/4/2026 16:53
BLR,BOM,Air India,AI3306,9/19/2026,9/19/2026 2:25,Economy,6084,4198,1487,399,15,9/4/2026 16:53
DEL,BOM,Air India,AI1745,9/19/2026,9/19/2026 5:00,Economy,7138,5244,1495,399,15,9/4/2026 16:53
BLR,DEL,Air India,AI2414,9/19/2026,9/19/2026 5:30,Economy,10142,7735,2008,399,15,9/4/2026 16:53
BLR,DEL,Air India,AI2810,9/19/2026,9/19/2026 6:00,Economy,9833,7441,1993,399,15,9/4/2026 16:53
DEL,BOM,Air India,AI2975,9/19/2026,9/19/2026 6:30,Economy,7138,5244,1495,399,15,9/4/2026 16:53
BLR,BOM,Air India,AI2402,9/19/2026,9/19/2026 6:35,Economy,7746,5781,1566,399,15,9/4/2026 16:53
DEL,BOM,Air India,AI2429,9/19/2026,9/19/2026 7:00,Economy,6979,5093,1487,399,15,9/4/2026 16:53
BLR,DEL,Air India,AI2654,9/19/2026,9/19/2026 7:00,Economy,10274,7861,2014,399,15,9/4/2026 16:53
DEL,BOM,Air India,AI2943,9/19/2026,9/19/2026 7:30,Economy,6979,5093,1487,399,15,9/4/2026 16:53
BLR,BOM,Air India,AI2411,9/19/2026,9/19/2026 8:20,Economy,7431,5481,1551,399,15,9/4/2026 16:53
DEL,BOM,Air India,AI2678,9/19/2026,9/19/2026 8:30,Economy,6979,5093,1487,399,15,9/4/2026 16:53
DEL,BOM,Air India,AI2963,9/19/2026,9/19/2026 9:00,Economy,6979,5093,1487,399,15,9/4/2026 16:53
BLR,DEL,Air India,AI2868,9/19/2026,9/19/2026 9:00,Economy,10852,8411,2042,399,15,9/4/2026 16:53
BLR,BOM,Air India,AI2604,9/19/2026,9/19/2026 9:15,Economy,7546,5591,1556,399,15,9/4/2026 16:53
DEL,BOM,Air India,AI2927,9/19/2026,9/19/2026 9:30,Economy,6979,5093,1487,399,15,9/4/2026 16:53
DEL,BOM,Air India,AI2995,9/19/2026,9/19/2026 10:00,Economy,6979,5093,1487,399,15,9/4/2026 16:53
BLR,DEL,Air India,AI2804,9/19/2026,9/19/2026 10:00,Economy,11268,8807,2062,399,15,9/4/2026 16:53
DEL,BOM,Air India,AI2425,9/19/2026,9/19/2026 10:30,Economy,6979,5093,1487,399,15,9/4/2026 16:53
BLR,BOM,Air India,AI2852,9/19/2026,9/19/2026 10:30,Economy,7603,5645,1559,399,15,9/4/2026 16:53
DEL,BOM,Air India,AI2945,9/19/2026,9/19/2026 11:00,Economy,6979,5093,1487,399,15,9/4/2026 16:53
BLR,DEL,Air India,AI2406,9/19/2026,9/19/2026 11:00,Economy,11268,8807,2062,399,15,9/4/2026 16:53
DEL,BOM,Air India,AI1785,9/19/2026,9/19/2026 12:00,Economy,6979,5093,1487,399,15,9/4/2026 16:53
BLR,BOM,Air India,AI2630,9/19/2026,9/19/2026 12:05,Economy,8189,6203,1587,399,15,9/4/2026 16:53
DEL,BOM,Air India,AI2951,9/19/2026,9/19/2026 13:30,Economy,7789,5864,1526,399,15,9/4/2026 16:53
BLR,DEL,Air India,AI2486,9/19/2026,9/19/2026 14:00,Economy,10522,8097,2026,399,15,9/4/2026 16:53
BLR,DEL,Air India,AI9400,9/19/2026,9/19/2026 14:40,Economy,9566,7186,1981,399,15,9/4/2026 16:53
BLR,DEL,Air India,AI2511,9/19/2026,9/19/2026 15:00,Economy,10687,8254,2034,399,15,9/4/2026 16:53
DEL,BOM,Air India,AI2933,9/19/2026,9/19/2026 15:30,Economy,6979,5093,1487,399,15,9/4/2026 16:53
BLR,DEL,Air India,AI428,9/19/2026,9/19/2026 15:30,Economy,11092,8640,2053,399,15,9/4/2026 16:53
DEL,BOM,Air India,AI1777,9/19/2026,9/19/2026 16:00,Economy,6979,5093,1487,399,15,9/4/2026 16:53
DEL,BOM,Air India,AI1780,9/19/2026,9/19/2026 16:10,Economy,6979,5093,1487,399,15,9/4/2026 16:53
DEL,BOM,Air India,AI2941,9/19/2026,9/19/2026 16:30,Economy,6979,5093,1487,399,15,9/4/2026 16:53
BLR,DEL,Air India,AI2418,9/19/2026,9/19/2026 16:30,Economy,10522,8097,2026,399,15,9/4/2026 16:53
DEL,BOM,Air India,AI441,9/19/2026,9/19/2026 17:00,Economy,7138,5244,1495,399,15,9/4/2026 16:53
BLR,DEL,Air India,AI2820,9/19/2026,9/19/2026 17:25,Economy,10274,7861,2014,399,15,9/4/2026 16:53
DEL,BOM,Air India,AI2955,9/19/2026,9/19/2026 18:00,Economy,6979,5093,1487,399,15,9/4/2026 16:53
BLR,BOM,Air India,AI2854,9/19/2026,9/19/2026 18:05,Economy,8316,6324,1593,399,15,9/4/2026 16:53
BLR,DEL,Air India,AI2802,9/19/2026,9/19/2026 18:20,Economy,10522,8097,2026,399,15,9/4/2026 16:53
DEL,BOM,Air India,AI2977,9/19/2026,9/19/2026 19:00,Economy,6979,5093,1487,399,15,9/4/2026 16:53
BLR,BOM,Air India,AI2610,9/19/2026,9/19/2026 19:00,Economy,7661,5700,1562,399,15,9/4/2026 16:53
DEL,BOM,Air India,AI2985,9/19/2026,9/19/2026 19:30,Economy,6979,5093,1487,399,15,9/4/2026 16:53
BLR,DEL,Air India,AI2665,9/19/2026,9/19/2026 19:40,Economy,9756,7367,1990,399,15,9/4/2026 16:53
BLR,DEL,Air India,AI2818,9/19/2026,9/19/2026 20:00,Economy,10439,8018,2022,399,15,9/4/2026 16:53
DEL,BOM,Air India,AI2957,9/19/2026,9/19/2026 20:30,Economy,7138,5244,1495,399,15,9/4/2026 16:53
BLR,BOM,Air India,AI2850,9/19/2026,9/19/2026 20:30,Economy,7546,5591,1556,399,15,9/4/2026 16:53
DEL,BOM,Air India,AI2981,9/19/2026,9/19/2026 21:00,Economy,7348,5444,1505,399,15,9/4/2026 16:53
DEL,BOM,Air India,AI2433,9/19/2026,9/19/2026 21:30,Economy,7609,5693,1517,399,15,9/4/2026 16:53
BLR,BOM,Air India,AI2642,9/19/2026,9/19/2026 21:30,Economy,7431,5481,1551,399,15,9/4/2026 16:53
BLR,DEL,Air India,AI2488,9/19/2026,9/19/2026 22:30,Economy,10274,7861,2014,399,15,9/4/2026 16:53
BLR,BOM,Air India,AI2840,9/19/2026,9/19/2026 22:30,Economy,6084,4198,1487,399,15,9/4/2026 16:53
DEL,BOM,Air India,AI2439,9/19/2026,9/19/2026 23:00,Economy,6979,5093,1487,399,15,9/4/2026 16:53
DEL,BOM,Air India,AI9484,9/19/2026,9/19/2026 23:25,Economy,6976,5090,1487,399,15,9/4/2026 16:53
BLR,BOM,Air India,AI2811,9/19/2026,9/19/2026 23:40,Economy,5714,3846,1469,399,15,9/4/2026 16:53
DEL,HYD,Air India,AI2577,9/19/2026,9/19/2026 2:00,Economy,9855,7669,1787,399,15,9/4/2026 17:06
DEL,HYD,Air India,AI1793,9/19/2026,9/19/2026 6:00,Economy,10910,8674,1837,399,15,9/4/2026 17:06
DEL,HYD,Air India,AI2542,9/19/2026,9/19/2026 9:40,Economy,9855,7669,1787,399,15,9/4/2026 17:06
DEL,HYD,Air India,AI2859,9/19/2026,9/19/2026 10:30,Economy,9855,7669,1787,399,15,9/4/2026 17:06
DEL,HYD,Air India,AI2899,9/19/2026,9/19/2026 12:30,Economy,9855,7669,1787,399,15,9/4/2026 17:06
DEL,HYD,Air India,AI2465,9/19/2026,9/19/2026 14:30,Economy,9379,7216,1764,399,15,9/4/2026 17:06
DEL,HYD,Air India,AI2519,9/19/2026,9/19/2026 15:30,Economy,10096,7899,1798,399,15,9/4/2026 17:06
DEL,HYD,Air India,AI2879,9/19/2026,9/19/2026 18:00,Economy,9855,7669,1787,399,15,9/4/2026 17:06
DEL,HYD,Air India,AI1708,9/19/2026,9/19/2026 19:30,Economy,10015,7822,1794,399,15,9/4/2026 17:06
DEL,HYD,Air India,AI2871,9/19/2026,9/19/2026 20:30,Economy,9855,7669,1787,399,15,9/4/2026 17:06
DEL,HYD,Air India,AI2449,9/19/2026,9/19/2026 22:00,Economy,12082,9790,1893,399,15,9/4/2026 17:06
DEL,HYD,Air India,AI1706,9/19/2026,9/19/2026 23:00,Economy,9855,7669,1787,399,15,9/4/2026 17:06
BLR,DEL,Air India,AI2758,10/4/2026,10/4/2026 0:15,Economy,8814,6470,1945,399,30,9/4/2026 17:54
DEL,HYD,Air India,AI2577,10/4/2026,10/4/2026 2:00,Economy,10315,8107,1809,399,30,9/4/2026 17:54
BLR,BOM,Air India,AI2858,10/4/2026,10/4/2026 2:20,Economy,7092,5158,1535,399,30,9/4/2026 17:54
DEL,BOM,Air India,AI1745,10/4/2026,10/4/2026 5:00,Economy,6979,5093,1487,399,30,9/4/2026 17:54
BLR,DEL,Air India,AI2414,10/4/2026,10/4/2026 5:30,Economy,8814,6470,1945,399,30,9/4/2026 17:54
BLR,DEL,Air India,AI2810,10/4/2026,10/4/2026 6:00,Economy,8814,6470,1945,399,30,9/4/2026 17:54
DEL,HYD,Air India,AI1793,10/4/2026,10/4/2026 6:00,Economy,10015,7822,1794,399,30,9/4/2026 17:54
DEL,BOM,Air India,AI2975,10/4/2026,10/4/2026 6:30,Economy,6979,5093,1487,399,30,9/4/2026 17:54
BLR,BOM,Air India,AI2402,10/4/2026,10/4/2026 6:35,Economy,8028,6050,1579,399,30,9/4/2026 17:54
BLR,DEL,Air India,AI9772,10/4/2026,10/4/2026 6:40,Economy,10638,8207,2032,399,30,9/4/2026 17:54
DEL,BOM,Air India,AI2429,10/4/2026,10/4/2026 7:00,Economy,6979,5093,1487,399,30,9/4/2026 17:54
BLR,DEL,Air India,AI2654,10/4/2026,10/4/2026 7:00,Economy,10828,8388,2041,399,30,9/4/2026 17:54
DEL,HYD,Air India,AI2560,10/4/2026,10/4/2026 7:00,Economy,9855,7669,1787,399,30,9/4/2026 17:54
DEL,BOM,Air India,AI2943,10/4/2026,10/4/2026 7:30,Economy,7140,5246,1495,399,30,9/4/2026 17:54
DEL,BOM,Air India,AI2678,10/4/2026,10/4/2026 8:30,Economy,7138,5244,1495,399,30,9/4/2026 17:54
DEL,BOM,Air India,AI2963,10/4/2026,10/4/2026 9:00,Economy,7138,5244,1495,399,30,9/4/2026 17:54
BLR,DEL,Air India,AI2868,10/4/2026,10/4/2026 9:00,Economy,8949,6599,1951,399,30,9/4/2026 17:54
BLR,BOM,Air India,AI2604,10/4/2026,10/4/2026 9:15,Economy,8078,6097,1582,399,30,9/4/2026 17:54
DEL,BOM,Air India,AI2927,10/4/2026,10/4/2026 9:30,Economy,7138,5244,1495,399,30,9/4/2026 17:54
DEL,HYD,Air India,AI2542,10/4/2026,10/4/2026 9:40,Economy,10257,8052,1806,399,30,9/4/2026 17:54
DEL,BOM,Air India,AI2995,10/4/2026,10/4/2026 10:00,Economy,7138,5244,1495,399,30,9/4/2026 17:54
BLR,DEL,Air India,AI2804,10/4/2026,10/4/2026 10:00,Economy,8814,6470,1945,399,30,9/4/2026 17:54
DEL,BOM,Air India,AI2425,10/4/2026,10/4/2026 10:30,Economy,7138,5244,1495,399,30,9/4/2026 17:54
BLR,BOM,Air India,AI2852,10/4/2026,10/4/2026 10:30,Economy,8328,6335,1594,399,30,9/4/2026 17:54
DEL,HYD,Air India,AI2859,10/4/2026,10/4/2026 10:30,Economy,10096,7899,1798,399,30,9/4/2026 17:54
DEL,BOM,Air India,AI2945,10/4/2026,10/4/2026 11:00,Economy,7348,5444,1505,399,30,9/4/2026 17:54
BLR,DEL,Air India,AI2406,10/4/2026,10/4/2026 11:00,Economy,9018,6664,1955,399,30,9/4/2026 17:54
DEL,BOM,Air India,AI1785,10/4/2026,10/4/2026 12:00,Economy,7348,5444,1505,399,30,9/4/2026 17:54
BLR,BOM,Air India,AI2630,10/4/2026,10/4/2026 12:05,Economy,8861,6843,1619,399,30,9/4/2026 17:54
DEL,HYD,Air India,AI2899,10/4/2026,10/4/2026 12:30,Economy,13764,11392,1973,399,30,9/4/2026 17:54
DEL,BOM,Air India,AI2951,10/4/2026,10/4/2026 13:30,Economy,7348,5444,1505,399,30,9/4/2026 17:54
BLR,DEL,Air India,AI2486,10/4/2026,10/4/2026 14:00,Economy,9018,6664,1955,399,30,9/4/2026 17:54
DEL,BOM,Air India,AI2441,10/4/2026,10/4/2026 14:10,Economy,7348,5444,1505,399,30,9/4/2026 17:54
DEL,BOM,Air India,AI1780,10/4/2026,10/4/2026 14:30,Economy,6979,5093,1487,399,30,9/4/2026 17:54
BLR,DEL,Air India,AI428,10/4/2026,10/4/2026 14:30,Economy,8814,6470,1945,399,30,9/4/2026 17:54
DEL,HYD,Air India,AI2465,10/4/2026,10/4/2026 14:30,Economy,12098,9805,1894,399,30,9/4/2026 17:54
BLR,DEL,Air India,AI2511,10/4/2026,10/4/2026 15:00,Economy,9154,6794,1961,399,30,9/4/2026 17:54
DEL,BOM,Air India,AI2933,10/4/2026,10/4/2026 15:30,Economy,10630,8570,1661,399,30,9/4/2026 17:54
DEL,HYD,Air India,AI2519,10/4/2026,10/4/2026 15:30,Economy,11172,8923,1850,399,30,9/4/2026 17:54
DEL,BOM,Air India,AI1777,10/4/2026,10/4/2026 16:00,Economy,7576,5662,1515,399,30,9/4/2026 17:54
BLR,DEL,Air India,AI2418,10/4/2026,10/4/2026 16:30,Economy,9154,6794,1961,399,30,9/4/2026 17:54
DEL,BOM,Air India,AI441,10/4/2026,10/4/2026 17:00,Economy,7348,5444,1505,399,30,9/4/2026 17:54
BLR,DEL,Air India,AI2820,10/4/2026,10/4/2026 17:25,Economy,9154,6794,1961,399,30,9/4/2026 17:54
BLR,DEL,Air India,AI9400,10/4/2026,10/4/2026 17:35,Economy,11149,8694,2056,399,30,9/4/2026 17:54
DEL,BOM,Air India,AI9486,10/4/2026,10/4/2026 17:50,Economy,7636,5719,1518,399,30,9/4/2026 17:54
DEL,BOM,Air India,AI2955,10/4/2026,10/4/2026 18:00,Economy,8033,6097,1537,399,30,9/4/2026 17:54
DEL,HYD,Air India,AI2879,10/4/2026,10/4/2026 18:00,Economy,13056,10718,1939,399,30,9/4/2026 17:54
BLR,BOM,Air India,AI2854,10/4/2026,10/4/2026 18:05,Economy,8806,6791,1616,399,30,9/4/2026 17:54
BLR,DEL,Air India,AI2802,10/4/2026,10/4/2026 18:20,Economy,10522,8097,2026,399,30,9/4/2026 17:54
BLR,BOM,Air India,AI2610,10/4/2026,10/4/2026 19:00,Economy,8673,6664,1610,399,30,9/4/2026 17:54
DEL,BOM,Air India,AI2985,10/4/2026,10/4/2026 19:30,Economy,7348,5444,1505,399,30,9/4/2026 17:54
DEL,HYD,Air India,AI1708,10/4/2026,10/4/2026 19:30,Economy,11617,9347,1871,399,30,9/4/2026 17:54
BLR,DEL,Air India,AI2665,10/4/2026,10/4/2026 19:40,Economy,8814,6470,1945,399,30,9/4/2026 17:54
DEL,BOM,Air India,AI2805,10/4/2026,10/4/2026 20:00,Economy,7348,5444,1505,399,30,9/4/2026 17:54
BLR,DEL,Air India,AI2818,10/4/2026,10/4/2026 20:00,Economy,8949,6599,1951,399,30,9/4/2026 17:54
DEL,BOM,Air India,AI2957,10/4/2026,10/4/2026 20:30,Economy,7348,5444,1505,399,30,9/4/2026 17:54
BLR,BOM,Air India,AI2850,10/4/2026,10/4/2026 20:30,Economy,8169,6184,1586,399,30,9/4/2026 17:54
DEL,HYD,Air India,AI2871,10/4/2026,10/4/2026 20:30,Economy,11713,9439,1875,399,30,9/4/2026 17:54
DEL,BOM,Air India,AI2981,10/4/2026,10/4/2026 21:00,Economy,7519,5607,1513,399,30,9/4/2026 17:54
DEL,BOM,Air India,AI2433,10/4/2026,10/4/2026 21:30,Economy,7348,5444,1505,399,30,9/4/2026 17:54
BLR,BOM,Air India,AI2642,10/4/2026,10/4/2026 21:30,Economy,9099,7070,1630,399,30,9/4/2026 17:54
BLR,DEL,Air India,AI2814,10/4/2026,10/4/2026 22:00,Economy,8814,6470,1945,399,30,9/4/2026 17:54
DEL,HYD,Air India,AI2449,10/4/2026,10/4/2026 22:00,Economy,12082,9790,1893,399,30,9/4/2026 17:54
BLR,DEL,Air India,AI2488,10/4/2026,10/4/2026 22:30,Economy,8814,6470,1945,399,30,9/4/2026 17:54
BLR,BOM,Air India,AI2840,10/4/2026,10/4/2026 22:30,Economy,8250,6261,1590,399,30,9/4/2026 17:54
DEL,BOM,Air India,AI2439,10/4/2026,10/4/2026 23:00,Economy,7413,5506,1508,399,30,9/4/2026 17:54
DEL,HYD,Air India,AI1706,10/4/2026,10/4/2026 23:00,Economy,10315,8107,1809,399,30,9/4/2026 17:54
DEL,BOM,Air India,AI9484,10/4/2026,10/4/2026 23:25,Economy,6923,5040,1484,399,30,9/4/2026 17:54
BLR,BOM,Air India,AI2811,10/4/2026,10/4/2026 23:40,Economy,8461,6462,1600,399,30,9/4/2026 17:54
BLR,DEL,Air India,AI2758,10/19/2026,10/19/2026 0:15,Economy,10372,7954,2019,399,45,9/4/2026 17:24
BLR,DEL,Air India,AI9430,10/19/2026,10/19/2026 1:15,Economy,16103,13412,2292,399,45,9/4/2026 17:24
DEL,HYD,Air India,AI2577,10/19/2026,10/19/2026 2:00,Economy,17052,14523,2130,399,45,9/4/2026 17:24
BLR,BOM,Air India,AI2858,10/19/2026,10/19/2026 2:20,Economy,7253,5312,1542,399,45,9/4/2026 17:24
DEL,BOM,Air India,AI1745,10/19/2026,10/19/2026 5:00,Economy,8788,6816,1573,399,45,9/4/2026 17:24
BLR,DEL,Air India,AI2810,10/19/2026,10/19/2026 6:00,Economy,10700,8266,2035,399,45,9/4/2026 17:24
DEL,HYD,Air India,AI1793,10/19/2026,10/19/2026 6:00,Economy,10419,8206,1814,399,45,9/4/2026 17:24
DEL,BOM,Air India,AI2975,10/19/2026,10/19/2026 6:30,Economy,8233,6287,1547,399,45,9/4/2026 17:24
BLR,BOM,Air India,AI2402,10/19/2026,10/19/2026 6:35,Economy,7572,5615,1558,399,45,9/4/2026 17:24
BLR,DEL,Air India,AI9772,10/19/2026,10/19/2026 6:40,Economy,11691,9210,2082,399,45,9/4/2026 17:24
DEL,BOM,Air India,AI2429,10/19/2026,10/19/2026 7:00,Economy,8233,6287,1547,399,45,9/4/2026 17:24
BLR,DEL,Air India,AI2654,10/19/2026,10/19/2026 7:00,Economy,12369,9856,2114,399,45,9/4/2026 17:24
DEL,HYD,Air India,AI2560,10/19/2026,10/19/2026 7:00,Economy,10257,8052,1806,399,45,9/4/2026 17:24
DEL,BOM,Air India,AI2943,10/19/2026,10/19/2026 7:30,Economy,8296,6347,1550,399,45,9/4/2026 17:24
BLR,BOM,Air India,AI2846,10/19/2026,10/19/2026 8:20,Economy,10203,8121,1683,399,45,9/4/2026 17:24
DEL,BOM,Air India,AI2678,10/19/2026,10/19/2026 8:30,Economy,8233,6287,1547,399,45,9/4/2026 17:24
DEL,BOM,Air India,AI2963,10/19/2026,10/19/2026 9:00,Economy,7760,5837,1524,399,45,9/4/2026 17:24
BLR,DEL,Air India,AI2868,10/19/2026,10/19/2026 9:00,Economy,11007,8559,2049,399,45,9/4/2026 17:24
BLR,BOM,Air India,AI2604,10/19/2026,10/19/2026 9:15,Economy,10980,8861,1720,399,45,9/4/2026 17:24
DEL,BOM,Air India,AI2927,10/19/2026,10/19/2026 9:30,Economy,7644,5726,1519,399,45,9/4/2026 17:24
DEL,HYD,Air India,AI2542,10/19/2026,10/19/2026 9:40,Economy,9855,7669,1787,399,45,9/4/2026 17:24
DEL,BOM,Air India,AI2995,10/19/2026,10/19/2026 10:00,Economy,7468,5559,1510,399,45,9/4/2026 17:24
BLR,DEL,Air India,AI2804,10/19/2026,10/19/2026 10:00,Economy,10372,7954,2019,399,45,9/4/2026 17:24
DEL,BOM,Air India,AI2425,10/19/2026,10/19/2026 10:30,Economy,7468,5559,1510,399,45,9/4/2026 17:24
BLR,BOM,Air India,AI2852,10/19/2026,10/19/2026 10:30,Economy,11281,9148,1734,399,45,9/4/2026 17:24
DEL,HYD,Air India,AI2859,10/19/2026,10/19/2026 10:30,Economy,10096,7899,1798,399,45,9/4/2026 17:24
DEL,BOM,Air India,AI2945,10/19/2026,10/19/2026 11:00,Economy,7468,5559,1510,399,45,9/4/2026 17:24
BLR,DEL,Air India,AI2406,10/19/2026,10/19/2026 11:00,Economy,10946,8501,2046,399,45,9/4/2026 17:24
BLR,BOM,Air India,AI2630,10/19/2026,10/19/2026 12:05,Economy,9739,7679,1661,399,45,9/4/2026 17:24
DEL,HYD,Air India,AI2899,10/19/2026,10/19/2026 12:30,Economy,9855,7669,1787,399,45,9/4/2026 17:24
DEL,BOM,Air India,AI2951,10/19/2026,10/19/2026 13:30,Economy,7468,5559,1510,399,45,9/4/2026 17:24
BLR,DEL,Air India,AI2486,10/19/2026,10/19/2026 14:00,Economy,10372,7954,2019,399,45,9/4/2026 17:24
DEL,BOM,Air India,AI2441,10/19/2026,10/19/2026 14:10,Economy,7468,5559,1510,399,45,9/4/2026 17:24
DEL,BOM,Air India,AI1780,10/19/2026,10/19/2026 14:30,Economy,7468,5559,1510,399,45,9/4/2026 17:24
BLR,DEL,Air India,AI428,10/19/2026,10/19/2026 14:30,Economy,10372,7954,2019,399,45,9/4/2026 17:24
DEL,HYD,Air India,AI2465,10/19/2026,10/19/2026 14:30,Economy,10177,7976,1802,399,45,9/4/2026 17:24
BLR,DEL,Air India,AI2511,10/19/2026,10/19/2026 15:00,Economy,10372,7954,2019,399,45,9/4/2026 17:24
DEL,BOM,Air India,AI2933,10/19/2026,10/19/2026 15:30,Economy,7468,5559,1510,399,45,9/4/2026 17:24
DEL,HYD,Air India,AI2519,10/19/2026,10/19/2026 15:30,Economy,11425,9164,1862,399,45,9/4/2026 17:24
DEL,BOM,Air India,AI1777,10/19/2026,10/19/2026 16:00,Economy,7644,5726,1519,399,45,9/4/2026 17:24
BLR,DEL,Air India,AI2418,10/19/2026,10/19/2026 16:30,Economy,10376,7958,2019,399,45,9/4/2026 17:24
DEL,BOM,Air India,AI441,10/19/2026,10/19/2026 17:00,Economy,7468,5559,1510,399,45,9/4/2026 17:24
BLR,DEL,Air India,AI2820,10/19/2026,10/19/2026 17:25,Economy,10372,7954,2019,399,45,9/4/2026 17:24
BLR,DEL,Air India,AI9400,10/19/2026,10/19/2026 17:35,Economy,16103,13412,2292,399,45,9/4/2026 17:24
DEL,BOM,Air India,AI9486,10/19/2026,10/19/2026 17:50,Economy,6923,5040,1484,399,45,9/4/2026 17:24
DEL,BOM,Air India,AI2955,10/19/2026,10/19/2026 18:00,Economy,7819,5893,1527,399,45,9/4/2026 17:24
DEL,HYD,Air India,AI2879,10/19/2026,10/19/2026 18:00,Economy,11425,9164,1862,399,45,9/4/2026 17:24
BLR,BOM,Air India,AI2854,10/19/2026,10/19/2026 18:05,Economy,8504,6503,1602,399,45,9/4/2026 17:24
BLR,DEL,Air India,AI2802,10/19/2026,10/19/2026 18:20,Economy,10375,7957,2019,399,45,9/4/2026 17:24
DEL,BOM,Air India,AI2977,10/19/2026,10/19/2026 19:00,Economy,7936,6004,1533,399,45,9/4/2026 17:24
BLR,BOM,Air India,AI2610,10/19/2026,10/19/2026 19:00,Economy,8512,6511,1602,399,45,9/4/2026 17:24
DEL,BOM,Air India,AI2985,10/19/2026,10/19/2026 19:30,Economy,7644,5726,1519,399,45,9/4/2026 17:24
DEL,HYD,Air India,AI1708,10/19/2026,10/19/2026 19:30,Economy,17052,14523,2130,399,45,9/4/2026 17:24
BLR,DEL,Air India,AI2665,10/19/2026,10/19/2026 19:40,Economy,10372,7954,2019,399,45,9/4/2026 17:24
DEL,BOM,Air India,AI2805,10/19/2026,10/19/2026 20:00,Economy,7468,5559,1510,399,45,9/4/2026 17:24
BLR,DEL,Air India,AI2818,10/19/2026,10/19/2026 20:00,Economy,10539,8113,2027,399,45,9/4/2026 17:24
DEL,BOM,Air India,AI2957,10/19/2026,10/19/2026 20:30,Economy,7468,5559,1510,399,45,9/4/2026 17:24
BLR,BOM,Air India,AI2850,10/19/2026,10/19/2026 20:30,Economy,8282,6292,1591,399,45,9/4/2026 17:24
DEL,HYD,Air India,AI2871,10/19/2026,10/19/2026 20:30,Economy,11425,9164,1862,399,45,9/4/2026 17:24
DEL,BOM,Air India,AI2981,10/19/2026,10/19/2026 21:00,Economy,7468,5559,1510,399,45,9/4/2026 17:24
BLR,BOM,Air India,AI2642,10/19/2026,10/19/2026 21:30,Economy,8597,6592,1606,399,45,9/4/2026 17:24
DEL,BOM,Air India,AI2999,10/19/2026,10/19/2026 22:00,Economy,7468,5559,1510,399,45,9/4/2026 17:24
BLR,DEL,Air India,AI2814,10/19/2026,10/19/2026 22:00,Economy,10372,7954,2019,399,45,9/4/2026 17:24
DEL,HYD,Air India,AI2449,10/19/2026,10/19/2026 22:00,Economy,11425,9164,1862,399,45,9/4/2026 17:24
BLR,DEL,Air India,AI2488,10/19/2026,10/19/2026 22:30,Economy,10372,7954,2019,399,45,9/4/2026 17:24
BLR,BOM,Air India,AI2840,10/19/2026,10/19/2026 22:30,Economy,8227,6239,1589,399,45,9/4/2026 17:24
DEL,BOM,Air India,AI2439,10/19/2026,10/19/2026 23:00,Economy,7760,5837,1524,399,45,9/4/2026 17:24
DEL,HYD,Air India,AI1706,10/19/2026,10/19/2026 23:00,Economy,14600,12188,2013,399,45,9/4/2026 17:24
DEL,BOM,Air India,AI9484,10/19/2026,10/19/2026 23:25,Economy,6923,5040,1484,399,45,9/4/2026 17:24
BLR,BOM,Air India,AI2811,10/19/2026,10/19/2026 23:40,Economy,8486,6486,1601,399,45,9/4/2026 17:24
DEL,BOM,Air India,AI1745,9/11/2026,9/11/2026 5:00,Economy,6979,5093,1487,399,7,9/4/2026 20:54
DEL,BOM,Air India,AI9486,9/11/2026,9/11/2026 5:35,Economy,6976,5090,1487,399,7,9/4/2026 20:54
DEL,BOM,Air India,AI2975,9/11/2026,9/11/2026 6:30,Economy,6979,5093,1487,399,7,9/4/2026 20:54
DEL,BOM,Air India,AI2429,9/11/2026,9/11/2026 7:00,Economy,6979,5093,1487,399,7,9/4/2026 20:54
DEL,BOM,Air India,AI2943,9/11/2026,9/11/2026 7:30,Economy,6979,5093,1487,399,7,9/4/2026 20:54
DEL,BOM,Air India,AI2678,9/11/2026,9/11/2026 8:30,Economy,6979,5093,1487,399,7,9/4/2026 20:54
DEL,BOM,Air India,AI2927,9/11/2026,9/11/2026 9:30,Economy,6979,5093,1487,399,7,9/4/2026 20:54
DEL,BOM,Air India,AI2995,9/11/2026,9/11/2026 10:00,Economy,6979,5093,1487,399,7,9/4/2026 20:54
DEL,BOM,Air India,AI2945,9/11/2026,9/11/2026 11:00,Economy,6979,5093,1487,399,7,9/4/2026 20:54
DEL,BOM,Air India,AI1785,9/11/2026,9/11/2026 12:00,Economy,6979,5093,1487,399,7,9/4/2026 20:54
DEL,BOM,Air India,AI2951,9/11/2026,9/11/2026 13:30,Economy,7609,5693,1517,399,7,9/4/2026 20:54
DEL,BOM,Air India,AI2441,9/11/2026,9/11/2026 14:10,Economy,6979,5093,1487,399,7,9/4/2026 20:54
DEL,BOM,Air India,AI2933,9/11/2026,9/11/2026 15:30,Economy,6979,5093,1487,399,7,9/4/2026 20:54
DEL,BOM,Air India,AI1777,9/11/2026,9/11/2026 16:00,Economy,6979,5093,1487,399,7,9/4/2026 20:54
DEL,BOM,Air India,AI1780,9/11/2026,9/11/2026 16:10,Economy,6979,5093,1487,399,7,9/4/2026 20:54
DEL,BOM,Air India,AI2941,9/11/2026,9/11/2026 16:30,Economy,6979,5093,1487,399,7,9/4/2026 20:54
DEL,BOM,Air India,AI441,9/11/2026,9/11/2026 17:00,Economy,7348,5444,1505,399,7,9/4/2026 20:54
DEL,BOM,Air India,AI2955,9/11/2026,9/11/2026 18:00,Economy,11067,8986,1682,399,7,9/4/2026 20:54
DEL,BOM,Air India,AI2977,9/11/2026,9/11/2026 19:00,Economy,22028,19425,2204,399,7,9/4/2026 20:54
DEL,BOM,Air India,AI2985,9/11/2026,9/11/2026 19:30,Economy,17593,15202,1992,399,7,9/4/2026 20:54
DEL,BOM,Air India,AI2957,9/11/2026,9/11/2026 20:30,Economy,16979,14617,1963,399,7,9/4/2026 20:54
DEL,BOM,Air India,AI2981,9/11/2026,9/11/2026 21:00,Economy,13286,11100,1787,399,7,9/4/2026 20:54
DEL,BOM,Air India,AI2433,9/11/2026,9/11/2026 21:30,Economy,13286,11100,1787,399,7,9/4/2026 20:54
DEL,BOM,Air India,AI2439,9/11/2026,9/11/2026 23:00,Economy,10367,8320,1648,399,7,9/4/2026 20:54
DEL,BOM,Air India,AI9484,9/11/2026,9/11/2026 23:25,Economy,7077,5186,1492,399,7,9/4/2026 20:54
BLR,DEL,Air India,AI2758,9/11/2026,9/11/2026 0:15,Economy,9975,8189,1586,200,7,9/4/2026 21:00
BLR,DEL,Air India,AI9430,9/11/2026,9/11/2026 1:15,Economy,10183,8384,1599,200,7,9/4/2026 21:00
BLR,DEL,Air India,AI2414,9/11/2026,9/11/2026 5:30,Economy,9025,7262,1563,200,7,9/4/2026 21:00
BLR,DEL,Air India,AI2810,9/11/2026,9/11/2026 6:00,Economy,8877,7118,1559,200,7,9/4/2026 21:00
BLR,DEL,Air India,AI2654,9/11/2026,9/11/2026 7:00,Economy,12789,10934,1655,200,7,9/4/2026 21:00
BLR,DEL,Air India,AI2868,9/11/2026,9/11/2026 9:00,Economy,9171,7404,1567,200,7,9/4/2026 21:00
BLR,DEL,Air India,AI2804,9/11/2026,9/11/2026 10:00,Economy,8443,6694,1549,200,7,9/4/2026 21:00
BLR,DEL,Air India,AI2406,9/11/2026,9/11/2026 11:00,Economy,8968,7191,1577,200,7,9/4/2026 21:00
BLR,DEL,Air India,AI2486,9/11/2026,9/11/2026 14:00,Economy,9436,7628,1608,200,7,9/4/2026 21:00
BLR,DEL,Air India,AI9400,9/11/2026,9/11/2026 14:40,Economy,9318,7519,1599,200,7,9/4/2026 21:00
BLR,DEL,Air India,AI2511,9/11/2026,9/11/2026 15:00,Economy,9281,7475,1606,200,7,9/4/2026 21:00
BLR,DEL,Air India,AI428,9/11/2026,9/11/2026 15:30,Economy,8916,7118,1598,200,7,9/4/2026 21:00
BLR,DEL,Air India,AI2418,9/11/2026,9/11/2026 16:30,Economy,11584,9721,1663,200,7,9/4/2026 21:00
DEL,HYD,Air India,AI2577,9/11/2026,9/11/2026 2:00,Economy,9379,7216,1764,399,7,9/4/2026 21:06
BLR,BOM,Air India,AI2858,9/11/2026,9/11/2026 2:20,Economy,7885,5913,1573,399,7,9/4/2026 21:06
DEL,HYD,Air India,AI1793,9/11/2026,9/11/2026 6:00,Economy,10485,8269,1817,399,7,9/4/2026 21:06
BLR,BOM,Air India,AI2402,9/11/2026,9/11/2026 6:35,Economy,8481,6481,1601,399,7,9/4/2026 21:06
BLR,BOM,Air India,AI2604,9/11/2026,9/11/2026 9:15,Economy,8189,6203,1587,399,7,9/4/2026 21:06
DEL,HYD,Air India,AI2542,9/11/2026,9/11/2026 9:40,Economy,10899,8663,1837,399,7,9/4/2026 21:06
BLR,BOM,Air India,AI2852,9/11/2026,9/11/2026 10:30,Economy,9581,7529,1653,399,7,9/4/2026 21:06
DEL,HYD,Air India,AI2859,9/11/2026,9/11/2026 10:30,Economy,10899,8663,1837,399,7,9/4/2026 21:06
BLR,BOM,Air India,AI2630,9/11/2026,9/11/2026 12:05,Economy,19916,17372,2145,399,7,9/4/2026 21:06
DEL,HYD,Air India,AI2899,9/11/2026,9/11/2026 12:30,Economy,10315,8107,1809,399,7,9/4/2026 21:06
DEL,HYD,Air India,AI2465,9/11/2026,9/11/2026 14:30,Economy,10177,7976,1802,399,7,9/4/2026 21:06
DEL,HYD,Air India,AI2519,9/11/2026,9/11/2026 15:30,Economy,10899,8663,1837,399,7,9/4/2026 21:06
DEL,HYD,Air India,AI2879,9/11/2026,9/11/2026 18:00,Economy,11713,9439,1875,399,7,9/4/2026 21:06
BLR,BOM,Air India,AI2854,9/11/2026,9/11/2026 18:05,Economy,20810,18223,2188,399,7,9/4/2026 21:06
BLR,BOM,Air India,AI2610,9/11/2026,9/11/2026 19:00,Economy,20632,18053,2180,399,7,9/4/2026 21:06
DEL,HYD,Air India,AI1708,9/11/2026,9/11/2026 19:30,Economy,12288,9986,1903,399,7,9/4/2026 21:06
BLR,BOM,Air India,AI2850,9/11/2026,9/11/2026 20:30,Economy,20632,18053,2180,399,7,9/4/2026 21:06
DEL,HYD,Air India,AI2871,9/11/2026,9/11/2026 20:30,Economy,11425,9164,1862,399,7,9/4/2026 21:06
BLR,BOM,Air India,AI2642,9/11/2026,9/11/2026 21:30,Economy,20273,17712,2162,399,7,9/4/2026 21:06
DEL,HYD,Air India,AI2449,9/11/2026,9/11/2026 22:00,Economy,11425,9164,1862,399,7,9/4/2026 21:06
BLR,BOM,Air India,AI2840,9/11/2026,9/11/2026 22:30,Economy,17158,14745,2014,399,7,9/4/2026 21:06
DEL,HYD,Air India,AI1706,9/11/2026,9/11/2026 23:00,Economy,10899,8663,1837,399,7,9/4/2026 21:06
BLR,BOM,Air India,AI2811,9/11/2026,9/11/2026 23:40,Economy,20810,18223,2188,399,7,9/4/2026 21:06
BLR,DEL,Air India,AI2758,9/19/2026,9/19/2026 0:15,Economy,12551,10029,2123,399,15,9/4/2026 20:26
BLR,DEL,Air India,AI9430,9/19/2026,9/19/2026 1:15,Economy,9916,7520,1997,399,15,9/4/2026 20:26
DEL,HYD,Air India,AI2577,9/19/2026,9/19/2026 2:00,Economy,9855,7669,1787,399,15,9/4/2026 20:26
BLR,BOM,Air India,AI2858,9/19/2026,9/19/2026 2:20,Economy,6084,4198,1487,399,15,9/4/2026 20:26
BLR,BOM,Air India,AI3306,9/19/2026,9/19/2026 2:25,Economy,6084,4198,1487,399,15,9/4/2026 20:26
DEL,BOM,Air India,AI1745,9/19/2026,9/19/2026 5:00,Economy,7138,5244,1495,399,15,9/4/2026 20:26
BLR,DEL,Air India,AI2414,9/19/2026,9/19/2026 5:30,Economy,10142,7735,2008,399,15,9/4/2026 20:26
BLR,DEL,Air India,AI2810,9/19/2026,9/19/2026 6:00,Economy,9833,7441,1993,399,15,9/4/2026 20:26
DEL,HYD,Air India,AI1793,9/19/2026,9/19/2026 6:00,Economy,10910,8674,1837,399,15,9/4/2026 20:26
DEL,BOM,Air India,AI2975,9/19/2026,9/19/2026 6:30,Economy,7138,5244,1495,399,15,9/4/2026 20:26
BLR,BOM,Air India,AI2402,9/19/2026,9/19/2026 6:35,Economy,7746,5781,1566,399,15,9/4/2026 20:26
DEL,BOM,Air India,AI2429,9/19/2026,9/19/2026 7:00,Economy,6979,5093,1487,399,15,9/4/2026 20:26
BLR,DEL,Air India,AI2654,9/19/2026,9/19/2026 7:00,Economy,10274,7861,2014,399,15,9/4/2026 20:26
DEL,BOM,Air India,AI2943,9/19/2026,9/19/2026 7:30,Economy,6979,5093,1487,399,15,9/4/2026 20:26
BLR,BOM,Air India,AI2411,9/19/2026,9/19/2026 8:20,Economy,7431,5481,1551,399,15,9/4/2026 20:26
DEL,BOM,Air India,AI2678,9/19/2026,9/19/2026 8:30,Economy,6979,5093,1487,399,15,9/4/2026 20:26
DEL,BOM,Air India,AI2963,9/19/2026,9/19/2026 9:00,Economy,6979,5093,1487,399,15,9/4/2026 20:26
BLR,DEL,Air India,AI2868,9/19/2026,9/19/2026 9:00,Economy,10852,8411,2042,399,15,9/4/2026 20:26
BLR,BOM,Air India,AI2604,9/19/2026,9/19/2026 9:15,Economy,7546,5591,1556,399,15,9/4/2026 20:26
DEL,BOM,Air India,AI2927,9/19/2026,9/19/2026 9:30,Economy,6979,5093,1487,399,15,9/4/2026 20:26
DEL,HYD,Air India,AI2542,9/19/2026,9/19/2026 9:40,Economy,9855,7669,1787,399,15,9/4/2026 20:26
DEL,BOM,Air India,AI2995,9/19/2026,9/19/2026 10:00,Economy,6979,5093,1487,399,15,9/4/2026 20:26
BLR,DEL,Air India,AI2804,9/19/2026,9/19/2026 10:00,Economy,11268,8807,2062,399,15,9/4/2026 20:26
DEL,BOM,Air India,AI2425,9/19/2026,9/19/2026 10:30,Economy,6979,5093,1487,399,15,9/4/2026 20:26
BLR,BOM,Air India,AI2852,9/19/2026,9/19/2026 10:30,Economy,7603,5645,1559,399,15,9/4/2026 20:26
DEL,HYD,Air India,AI2859,9/19/2026,9/19/2026 10:30,Economy,9855,7669,1787,399,15,9/4/2026 20:26
DEL,BOM,Air India,AI2945,9/19/2026,9/19/2026 11:00,Economy,6979,5093,1487,399,15,9/4/2026 20:26
BLR,DEL,Air India,AI2406,9/19/2026,9/19/2026 11:00,Economy,11268,8807,2062,399,15,9/4/2026 20:26
DEL,BOM,Air India,AI1785,9/19/2026,9/19/2026 12:00,Economy,6979,5093,1487,399,15,9/4/2026 20:26
BLR,BOM,Air India,AI2630,9/19/2026,9/19/2026 12:05,Economy,8189,6203,1587,399,15,9/4/2026 20:26
DEL,HYD,Air India,AI2899,9/19/2026,9/19/2026 12:30,Economy,9855,7669,1787,399,15,9/4/2026 20:26
DEL,BOM,Air India,AI2951,9/19/2026,9/19/2026 13:30,Economy,7789,5864,1526,399,15,9/4/2026 20:26
BLR,DEL,Air India,AI2486,9/19/2026,9/19/2026 14:00,Economy,10522,8097,2026,399,15,9/4/2026 20:26
DEL,HYD,Air India,AI2465,9/19/2026,9/19/2026 14:30,Economy,9379,7216,1764,399,15,9/4/2026 20:26
BLR,DEL,Air India,AI9400,9/19/2026,9/19/2026 14:40,Economy,9916,7520,1997,399,15,9/4/2026 20:26
BLR,DEL,Air India,AI2511,9/19/2026,9/19/2026 15:00,Economy,10687,8254,2034,399,15,9/4/2026 20:26
DEL,BOM,Air India,AI2933,9/19/2026,9/19/2026 15:30,Economy,6979,5093,1487,399,15,9/4/2026 20:26
BLR,DEL,Air India,AI428,9/19/2026,9/19/2026 15:30,Economy,11092,8640,2053,399,15,9/4/2026 20:26
DEL,HYD,Air India,AI2519,9/19/2026,9/19/2026 15:30,Economy,10096,7899,1798,399,15,9/4/2026 20:26
DEL,BOM,Air India,AI1777,9/19/2026,9/19/2026 16:00,Economy,6979,5093,1487,399,15,9/4/2026 20:26
DEL,BOM,Air India,AI1780,9/19/2026,9/19/2026 16:10,Economy,6979,5093,1487,399,15,9/4/2026 20:26
DEL,BOM,Air India,AI2941,9/19/2026,9/19/2026 16:30,Economy,6979,5093,1487,399,15,9/4/2026 20:26
BLR,DEL,Air India,AI2418,9/19/2026,9/19/2026 16:30,Economy,10522,8097,2026,399,15,9/4/2026 20:26
DEL,BOM,Air India,AI441,9/19/2026,9/19/2026 17:00,Economy,7138,5244,1495,399,15,9/4/2026 20:26
BLR,DEL,Air India,AI2820,9/19/2026,9/19/2026 17:25,Economy,10274,7861,2014,399,15,9/4/2026 20:26
DEL,BOM,Air India,AI2955,9/19/2026,9/19/2026 18:00,Economy,6979,5093,1487,399,15,9/4/2026 20:26
DEL,HYD,Air India,AI2879,9/19/2026,9/19/2026 18:00,Economy,9855,7669,1787,399,15,9/4/2026 20:26
BLR,BOM,Air India,AI2854,9/19/2026,9/19/2026 18:05,Economy,8316,6324,1593,399,15,9/4/2026 20:26
BLR,DEL,Air India,AI2802,9/19/2026,9/19/2026 18:20,Economy,10522,8097,2026,399,15,9/4/2026 20:26
DEL,BOM,Air India,AI2977,9/19/2026,9/19/2026 19:00,Economy,6979,5093,1487,399,15,9/4/2026 20:26
BLR,BOM,Air India,AI2610,9/19/2026,9/19/2026 19:00,Economy,7661,5700,1562,399,15,9/4/2026 20:26
DEL,BOM,Air India,AI2985,9/19/2026,9/19/2026 19:30,Economy,6979,5093,1487,399,15,9/4/2026 20:26
DEL,HYD,Air India,AI1708,9/19/2026,9/19/2026 19:30,Economy,10015,7822,1794,399,15,9/4/2026 20:26
BLR,DEL,Air India,AI2665,9/19/2026,9/19/2026 19:40,Economy,9756,7367,1990,399,15,9/4/2026 20:26
BLR,DEL,Air India,AI2818,9/19/2026,9/19/2026 20:00,Economy,10439,8018,2022,399,15,9/4/2026 20:26
DEL,BOM,Air India,AI2957,9/19/2026,9/19/2026 20:30,Economy,7138,5244,1495,399,15,9/4/2026 20:26
BLR,BOM,Air India,AI2850,9/19/2026,9/19/2026 20:30,Economy,7546,5591,1556,399,15,9/4/2026 20:26
DEL,HYD,Air India,AI2871,9/19/2026,9/19/2026 20:30,Economy,9855,7669,1787,399,15,9/4/2026 20:26
DEL,BOM,Air India,AI2981,9/19/2026,9/19/2026 21:00,Economy,7348,5444,1505,399,15,9/4/2026 20:26
DEL,BOM,Air India,AI2433,9/19/2026,9/19/2026 21:30,Economy,7609,5693,1517,399,15,9/4/2026 20:26
BLR,BOM,Air India,AI2642,9/19/2026,9/19/2026 21:30,Economy,7431,5481,1551,399,15,9/4/2026 20:26
DEL,HYD,Air India,AI2449,9/19/2026,9/19/2026 22:00,Economy,12082,9790,1893,399,15,9/4/2026 20:26
BLR,DEL,Air India,AI2488,9/19/2026,9/19/2026 22:30,Economy,10274,7861,2014,399,15,9/4/2026 20:26
BLR,BOM,Air India,AI2840,9/19/2026,9/19/2026 22:30,Economy,6084,4198,1487,399,15,9/4/2026 20:26
DEL,BOM,Air India,AI2439,9/19/2026,9/19/2026 23:00,Economy,6979,5093,1487,399,15,9/4/2026 20:26
DEL,HYD,Air India,AI1706,9/19/2026,9/19/2026 23:00,Economy,9855,7669,1787,399,15,9/4/2026 20:26
DEL,BOM,Air India,AI9484,9/19/2026,9/19/2026 23:25,Economy,6976,5090,1487,399,15,9/4/2026 20:26
BLR,BOM,Air India,AI2811,9/19/2026,9/19/2026 23:40,Economy,5714,3846,1469,399,15,9/4/2026 20:26
BLR,DEL,Air India,AI2758,10/4/2026,10/4/2026 0:15,Economy,8814,6470,1945,399,30,9/4/2026 22:30
DEL,HYD,Air India,AI2577,10/4/2026,10/4/2026 2:00,Economy,10315,8107,1809,399,30,9/4/2026 22:30
BLR,BOM,Air India,AI2858,10/4/2026,10/4/2026 2:20,Economy,7137,5201,1537,399,30,9/4/2026 22:30
DEL,BOM,Air India,AI1745,10/4/2026,10/4/2026 5:00,Economy,6538,5092,1246,200,30,9/4/2026 22:30
BLR,DEL,Air India,AI2414,10/4/2026,10/4/2026 5:30,Economy,8814,6470,1945,399,30,9/4/2026 22:30
BLR,DEL,Air India,AI2810,10/4/2026,10/4/2026 6:00,Economy,8814,6470,1945,399,30,9/4/2026 22:30
DEL,HYD,Air India,AI1793,10/4/2026,10/4/2026 6:00,Economy,10015,7822,1794,399,30,9/4/2026 22:30
DEL,BOM,Air India,AI2975,10/4/2026,10/4/2026 6:30,Economy,6538,5092,1246,200,30,9/4/2026 22:30
BLR,BOM,Air India,AI2402,10/4/2026,10/4/2026 6:35,Economy,8038,6059,1580,399,30,9/4/2026 22:30
BLR,DEL,Air India,AI9772,10/4/2026,10/4/2026 6:40,Economy,10638,8207,2032,399,30,9/4/2026 22:30
DEL,BOM,Air India,AI2429,10/4/2026,10/4/2026 7:00,Economy,6538,5092,1246,200,30,9/4/2026 22:30
BLR,DEL,Air India,AI2654,10/4/2026,10/4/2026 7:00,Economy,10828,8388,2041,399,30,9/4/2026 22:30
DEL,HYD,Air India,AI2560,10/4/2026,10/4/2026 7:00,Economy,9855,7669,1787,399,30,9/4/2026 22:30
DEL,BOM,Air India,AI2943,10/4/2026,10/4/2026 7:30,Economy,6694,5245,1249,200,30,9/4/2026 22:30
DEL,BOM,Air India,AI2678,10/4/2026,10/4/2026 8:30,Economy,6692,5243,1249,200,30,9/4/2026 22:30
DEL,BOM,Air India,AI2963,10/4/2026,10/4/2026 9:00,Economy,6692,5243,1249,200,30,9/4/2026 22:30
BLR,DEL,Air India,AI2868,10/4/2026,10/4/2026 9:00,Economy,8949,6599,1951,399,30,9/4/2026 22:30
BLR,BOM,Air India,AI2604,10/4/2026,10/4/2026 9:15,Economy,8074,6093,1582,399,30,9/4/2026 22:30
DEL,BOM,Air India,AI2927,10/4/2026,10/4/2026 9:30,Economy,6692,5243,1249,200,30,9/4/2026 22:30
DEL,HYD,Air India,AI2542,10/4/2026,10/4/2026 9:40,Economy,10257,8052,1806,399,30,9/4/2026 22:30
DEL,BOM,Air India,AI2995,10/4/2026,10/4/2026 10:00,Economy,6692,5243,1249,200,30,9/4/2026 22:30
BLR,DEL,Air India,AI2804,10/4/2026,10/4/2026 10:00,Economy,8814,6470,1945,399,30,9/4/2026 22:30
DEL,BOM,Air India,AI2425,10/4/2026,10/4/2026 10:30,Economy,6692,5243,1249,200,30,9/4/2026 22:30
BLR,BOM,Air India,AI2852,10/4/2026,10/4/2026 10:30,Economy,8360,6366,1595,399,30,9/4/2026 22:30
DEL,HYD,Air India,AI2859,10/4/2026,10/4/2026 10:30,Economy,10096,7899,1798,399,30,9/4/2026 22:30
DEL,BOM,Air India,AI2945,10/4/2026,10/4/2026 11:00,Economy,6897,5443,1254,200,30,9/4/2026 22:30
BLR,DEL,Air India,AI2406,10/4/2026,10/4/2026 11:00,Economy,9018,6664,1955,399,30,9/4/2026 22:30
DEL,BOM,Air India,AI1785,10/4/2026,10/4/2026 12:00,Economy,6854,5401,1253,200,30,9/4/2026 22:30
BLR,BOM,Air India,AI2630,10/4/2026,10/4/2026 12:05,Economy,8866,6848,1619,399,30,9/4/2026 22:30
DEL,HYD,Air India,AI2899,10/4/2026,10/4/2026 12:30,Economy,13764,11392,1973,399,30,9/4/2026 22:30
DEL,BOM,Air India,AI2951,10/4/2026,10/4/2026 13:30,Economy,6692,5243,1249,200,30,9/4/2026 22:30
BLR,DEL,Air India,AI2486,10/4/2026,10/4/2026 14:00,Economy,9018,6664,1955,399,30,9/4/2026 22:30
DEL,BOM,Air India,AI2441,10/4/2026,10/4/2026 14:10,Economy,6897,5443,1254,200,30,9/4/2026 22:30
DEL,BOM,Air India,AI1780,10/4/2026,10/4/2026 14:30,Economy,6538,5092,1246,200,30,9/4/2026 22:30
BLR,DEL,Air India,AI428,10/4/2026,10/4/2026 14:30,Economy,8814,6470,1945,399,30,9/4/2026 22:30
DEL,HYD,Air India,AI2465,10/4/2026,10/4/2026 14:30,Economy,12098,9805,1894,399,30,9/4/2026 22:30
BLR,DEL,Air India,AI2511,10/4/2026,10/4/2026 15:00,Economy,9154,6794,1961,399,30,9/4/2026 22:30
DEL,BOM,Air India,AI2933,10/4/2026,10/4/2026 15:30,Economy,10101,8569,1332,200,30,9/4/2026 22:30
DEL,HYD,Air India,AI2519,10/4/2026,10/4/2026 15:30,Economy,11172,8923,1850,399,30,9/4/2026 22:30
DEL,BOM,Air India,AI1777,10/4/2026,10/4/2026 16:00,Economy,7121,5661,1260,200,30,9/4/2026 22:30
BLR,DEL,Air India,AI2418,10/4/2026,10/4/2026 16:30,Economy,9154,6794,1961,399,30,9/4/2026 22:30
DEL,BOM,Air India,AI441,10/4/2026,10/4/2026 17:00,Economy,6897,5443,1254,200,30,9/4/2026 22:30
BLR,DEL,Air India,AI2820,10/4/2026,10/4/2026 17:25,Economy,9154,6794,1961,399,30,9/4/2026 22:30
BLR,DEL,Air India,AI9400,10/4/2026,10/4/2026 17:35,Economy,11149,8694,2056,399,30,9/4/2026 22:30
DEL,BOM,Air India,AI9486,10/4/2026,10/4/2026 17:50,Economy,7189,5718,1271,200,30,9/4/2026 22:30
DEL,BOM,Air India,AI2955,10/4/2026,10/4/2026 18:00,Economy,7568,6097,1271,200,30,9/4/2026 22:30
DEL,HYD,Air India,AI2879,10/4/2026,10/4/2026 18:00,Economy,13056,10718,1939,399,30,9/4/2026 22:30
BLR,BOM,Air India,AI2854,10/4/2026,10/4/2026 18:05,Economy,11249,9117,1733,399,30,9/4/2026 22:30
BLR,DEL,Air India,AI2802,10/4/2026,10/4/2026 18:20,Economy,10522,8097,2026,399,30,9/4/2026 22:30
BLR,BOM,Air India,AI2610,10/4/2026,10/4/2026 19:00,Economy,9163,7131,1633,399,30,9/4/2026 22:30
DEL,BOM,Air India,AI2985,10/4/2026,10/4/2026 19:30,Economy,6897,5443,1254,200,30,9/4/2026 22:30
DEL,HYD,Air India,AI1708,10/4/2026,10/4/2026 19:30,Economy,11617,9347,1871,399,30,9/4/2026 22:30
BLR,DEL,Air India,AI2665,10/4/2026,10/4/2026 19:40,Economy,8814,6470,1945,399,30,9/4/2026 22:30
BLR,DEL,Air India,AI2818,10/4/2026,10/4/2026 20:00,Economy,8949,6599,1951,399,30,9/4/2026 22:30
BLR,BOM,Air India,AI2850,10/4/2026,10/4/2026 20:30,Economy,8948,6926,1623,399,30,9/4/2026 22:30
DEL,HYD,Air India,AI2871,10/4/2026,10/4/2026 20:30,Economy,11713,9439,1875,399,30,9/4/2026 22:30
BLR,BOM,Air India,AI2642,10/4/2026,10/4/2026 21:30,Economy,9106,7076,1631,399,30,9/4/2026 22:30
BLR,DEL,Air India,AI2814,10/4/2026,10/4/2026 22:00,Economy,8814,6470,1945,399,30,9/4/2026 22:30
DEL,HYD,Air India,AI2449,10/4/2026,10/4/2026 22:00,Economy,12082,9790,1893,399,30,9/4/2026 22:30
BLR,DEL,Air India,AI2488,10/4/2026,10/4/2026 22:30,Economy,8814,6470,1945,399,30,9/4/2026 22:30
BLR,BOM,Air India,AI2840,10/4/2026,10/4/2026 22:30,Economy,8805,6790,1616,399,30,9/4/2026 22:30
DEL,HYD,Air India,AI1706,10/4/2026,10/4/2026 23:00,Economy,10315,8107,1809,399,30,9/4/2026 22:30
BLR,BOM,Air India,AI2811,10/4/2026,10/4/2026 23:40,Economy,8464,6465,1600,399,30,9/4/2026 22:30
BLR,DEL,Air India,AI2758,10/19/2026,10/19/2026 0:15,Economy,10373,7955,2019,399,45,9/4/2026 22:07
BLR,DEL,Air India,AI9430,10/19/2026,10/19/2026 1:15,Economy,16103,13412,2292,399,45,9/4/2026 22:07
BLR,BOM,Air India,AI2858,10/19/2026,10/19/2026 2:20,Economy,7253,5312,1542,399,45,9/4/2026 22:07
DEL,BOM,Air India,AI1745,10/19/2026,10/19/2026 5:00,Economy,8788,6816,1573,399,45,9/4/2026 22:07
BLR,DEL,Air India,AI2810,10/19/2026,10/19/2026 6:00,Economy,10706,8272,2035,399,45,9/4/2026 22:07
DEL,BOM,Air India,AI2975,10/19/2026,10/19/2026 6:30,Economy,8233,6287,1547,399,45,9/4/2026 22:07
BLR,BOM,Air India,AI2402,10/19/2026,10/19/2026 6:35,Economy,7532,5577,1556,399,45,9/4/2026 22:07
BLR,DEL,Air India,AI9772,10/19/2026,10/19/2026 6:40,Economy,11691,9210,2082,399,45,9/4/2026 22:07
DEL,BOM,Air India,AI2429,10/19/2026,10/19/2026 7:00,Economy,8233,6287,1547,399,45,9/4/2026 22:07
BLR,DEL,Air India,AI2654,10/19/2026,10/19/2026 7:00,Economy,12369,9856,2114,399,45,9/4/2026 22:07
DEL,BOM,Air India,AI2943,10/19/2026,10/19/2026 7:30,Economy,7819,5893,1527,399,45,9/4/2026 22:07
BLR,BOM,Air India,AI2846,10/19/2026,10/19/2026 8:20,Economy,10203,8121,1683,399,45,9/4/2026 22:07
DEL,BOM,Air India,AI2678,10/19/2026,10/19/2026 8:30,Economy,8233,6287,1547,399,45,9/4/2026 22:07
DEL,BOM,Air India,AI2963,10/19/2026,10/19/2026 9:00,Economy,7760,5837,1524,399,45,9/4/2026 22:07
BLR,DEL,Air India,AI2868,10/19/2026,10/19/2026 9:00,Economy,10940,8495,2046,399,45,9/4/2026 22:07
BLR,BOM,Air India,AI2604,10/19/2026,10/19/2026 9:15,Economy,10980,8861,1720,399,45,9/4/2026 22:07
DEL,BOM,Air India,AI2927,10/19/2026,10/19/2026 9:30,Economy,7644,5726,1519,399,45,9/4/2026 22:07
DEL,BOM,Air India,AI2995,10/19/2026,10/19/2026 10:00,Economy,7468,5559,1510,399,45,9/4/2026 22:07
BLR,DEL,Air India,AI2804,10/19/2026,10/19/2026 10:00,Economy,10373,7955,2019,399,45,9/4/2026 22:07
DEL,BOM,Air India,AI2425,10/19/2026,10/19/2026 10:30,Economy,7468,5559,1510,399,45,9/4/2026 22:07
BLR,BOM,Air India,AI2852,10/19/2026,10/19/2026 10:30,Economy,11282,9149,1734,399,45,9/4/2026 22:07
DEL,BOM,Air India,AI2945,10/19/2026,10/19/2026 11:00,Economy,7468,5559,1510,399,45,9/4/2026 22:07
BLR,DEL,Air India,AI2406,10/19/2026,10/19/2026 11:00,Economy,10946,8501,2046,399,45,9/4/2026 22:07
BLR,BOM,Air India,AI2630,10/19/2026,10/19/2026 12:05,Economy,9741,7681,1661,399,45,9/4/2026 22:07
DEL,BOM,Air India,AI2951,10/19/2026,10/19/2026 13:30,Economy,7468,5559,1510,399,45,9/4/2026 22:07
BLR,DEL,Air India,AI2486,10/19/2026,10/19/2026 14:00,Economy,10373,7955,2019,399,45,9/4/2026 22:07
DEL,BOM,Air India,AI2441,10/19/2026,10/19/2026 14:10,Economy,7468,5559,1510,399,45,9/4/2026 22:07
DEL,BOM,Air India,AI1780,10/19/2026,10/19/2026 14:30,Economy,7468,5559,1510,399,45,9/4/2026 22:07
BLR,DEL,Air India,AI428,10/19/2026,10/19/2026 14:30,Economy,10373,7955,2019,399,45,9/4/2026 22:07
BLR,DEL,Air India,AI2511,10/19/2026,10/19/2026 15:00,Economy,10373,7955,2019,399,45,9/4/2026 22:07
DEL,BOM,Air India,AI2933,10/19/2026,10/19/2026 15:30,Economy,7468,5559,1510,399,45,9/4/2026 22:07
DEL,BOM,Air India,AI1777,10/19/2026,10/19/2026 16:00,Economy,7644,5726,1519,399,45,9/4/2026 22:07
BLR,DEL,Air India,AI2418,10/19/2026,10/19/2026 16:30,Economy,10377,7959,2019,399,45,9/4/2026 22:07
DEL,BOM,Air India,AI441,10/19/2026,10/19/2026 17:00,Economy,7468,5559,1510,399,45,9/4/2026 22:07
BLR,DEL,Air India,AI2820,10/19/2026,10/19/2026 17:25,Economy,10373,7955,2019,399,45,9/4/2026 22:07
BLR,DEL,Air India,AI9400,10/19/2026,10/19/2026 17:35,Economy,16103,13412,2292,399,45,9/4/2026 22:07
DEL,BOM,Air India,AI9486,10/19/2026,10/19/2026 17:50,Economy,6923,5040,1484,399,45,9/4/2026 22:07
DEL,BOM,Air India,AI2955,10/19/2026,10/19/2026 18:00,Economy,7819,5893,1527,399,45,9/4/2026 22:07
BLR,BOM,Air India,AI2854,10/19/2026,10/19/2026 18:05,Economy,8507,6506,1602,399,45,9/4/2026 22:07
BLR,DEL,Air India,AI2802,10/19/2026,10/19/2026 18:20,Economy,10377,7959,2019,399,45,9/4/2026 22:07
DEL,BOM,Air India,AI2977,10/19/2026,10/19/2026 19:00,Economy,7936,6004,1533,399,45,9/4/2026 22:07
BLR,BOM,Air India,AI2610,10/19/2026,10/19/2026 19:00,Economy,8512,6511,1602,399,45,9/4/2026 22:07
DEL,BOM,Air India,AI2985,10/19/2026,10/19/2026 19:30,Economy,7644,5726,1519,399,45,9/4/2026 22:07
BLR,DEL,Air India,AI2665,10/19/2026,10/19/2026 19:40,Economy,10373,7955,2019,399,45,9/4/2026 22:07
DEL,BOM,Air India,AI2805,10/19/2026,10/19/2026 20:00,Economy,7468,5559,1510,399,45,9/4/2026 22:07
BLR,DEL,Air India,AI2818,10/19/2026,10/19/2026 20:00,Economy,10540,8114,2027,399,45,9/4/2026 22:07
DEL,BOM,Air India,AI2957,10/19/2026,10/19/2026 20:30,Economy,7468,5559,1510,399,45,9/4/2026 22:07
BLR,BOM,Air India,AI2850,10/19/2026,10/19/2026 20:30,Economy,8284,6293,1592,399,45,9/4/2026 22:07
DEL,BOM,Air India,AI2981,10/19/2026,10/19/2026 21:00,Economy,7468,5559,1510,399,45,9/4/2026 22:07
BLR,BOM,Air India,AI2642,10/19/2026,10/19/2026 21:30,Economy,8603,6597,1607,399,45,9/4/2026 22:07
DEL,BOM,Air India,AI2999,10/19/2026,10/19/2026 22:00,Economy,7468,5559,1510,399,45,9/4/2026 22:07
BLR,DEL,Air India,AI2814,10/19/2026,10/19/2026 22:00,Economy,10373,7955,2019,399,45,9/4/2026 22:07
BLR,DEL,Air India,AI2488,10/19/2026,10/19/2026 22:30,Economy,10373,7955,2019,399,45,9/4/2026 22:07
BLR,BOM,Air India,AI2840,10/19/2026,10/19/2026 22:30,Economy,8227,6239,1589,399,45,9/4/2026 22:07
DEL,BOM,Air India,AI2439,10/19/2026,10/19/2026 23:00,Economy,7760,5837,1524,399,45,9/4/2026 22:07
DEL,BOM,Air India,AI9484,10/19/2026,10/19/2026 23:25,Economy,6923,5040,1484,399,45,9/4/2026 22:07
BLR,BOM,Air India,AI2811,10/19/2026,10/19/2026 23:40,Economy,8486,6486,1601,399,45,9/4/2026 22:07
DEL,HYD,Air India,AI2577,10/19/2026,10/19/2026 2:00,Economy,17052,14523,2130,399,45,9/4/2026 22:21
DEL,HYD,Air India,AI1793,10/19/2026,10/19/2026 6:00,Economy,10419,8206,1814,399,45,9/4/2026 22:21
DEL,HYD,Air India,AI2560,10/19/2026,10/19/2026 7:00,Economy,10257,8052,1806,399,45,9/4/2026 22:21
DEL,HYD,Air India,AI2542,10/19/2026,10/19/2026 9:40,Economy,9855,7669,1787,399,45,9/4/2026 22:21
DEL,HYD,Air India,AI2859,10/19/2026,10/19/2026 10:30,Economy,10096,7899,1798,399,45,9/4/2026 22:21
DEL,HYD,Air India,AI2899,10/19/2026,10/19/2026 12:30,Economy,9855,7669,1787,399,45,9/4/2026 22:21
DEL,HYD,Air India,AI2465,10/19/2026,10/19/2026 14:30,Economy,10177,7976,1802,399,45,9/4/2026 22:21
DEL,HYD,Air India,AI2519,10/19/2026,10/19/2026 15:30,Economy,11425,9164,1862,399,45,9/4/2026 22:21
DEL,HYD,Air India,AI2879,10/19/2026,10/19/2026 18:00,Economy,11425,9164,1862,399,45,9/4/2026 22:21
DEL,HYD,Air India,AI1708,10/19/2026,10/19/2026 19:30,Economy,17052,14523,2130,399,45,9/4/2026 22:21
DEL,HYD,Air India,AI2871,10/19/2026,10/19/2026 20:30,Economy,11425,9164,1862,399,45,9/4/2026 22:21
DEL,HYD,Air India,AI2449,10/19/2026,10/19/2026 22:00,Economy,11425,9164,1862,399,45,9/4/2026 22:21
DEL,HYD,Air India,AI1706,10/19/2026,10/19/2026 23:00,Economy,14600,12188,2013,399,45,9/4/2026 22:21
BLR,DEL,Air India,AI2758,9/12/2026,9/12/2026 0:15,Economy,12551,10029,2123,399,7,9/5/2026 12:22
BLR,DEL,Air India,AI9430,9/12/2026,9/12/2026 1:15,Economy,12045,9547,2099,399,7,9/5/2026 12:22
DEL,HYD,Air India,AI2577,9/12/2026,9/12/2026 2:00,Economy,9855,7669,1787,399,7,9/5/2026 12:22
BLR,BOM,Air India,AI2858,9/12/2026,9/12/2026 2:20,Economy,10622,8520,1703,399,7,9/5/2026 12:22
BLR,BOM,Air India,AI3306,9/12/2026,9/12/2026 2:25,Economy,10622,8520,1703,399,7,9/5/2026 12:22
DEL,BOM,Air India,AI1745,9/12/2026,9/12/2026 5:00,Economy,7348,5444,1505,399,7,9/5/2026 12:22
BLR,DEL,Air India,AI2414,9/12/2026,9/12/2026 5:30,Economy,10687,8254,2034,399,7,9/5/2026 12:22
DEL,BOM,Air India,AI9486,9/12/2026,9/12/2026 5:35,Economy,7176,5281,1496,399,7,9/5/2026 12:22
BLR,DEL,Air India,AI2810,9/12/2026,9/12/2026 6:00,Economy,12829,10294,2136,399,7,9/5/2026 12:22
DEL,HYD,Air India,AI1793,9/12/2026,9/12/2026 6:00,Economy,12098,9805,1894,399,7,9/5/2026 12:22
DEL,BOM,Air India,AI2975,9/12/2026,9/12/2026 6:30,Economy,7138,5244,1495,399,7,9/5/2026 12:22
BLR,BOM,Air India,AI2402,9/12/2026,9/12/2026 6:35,Economy,10622,8520,1703,399,7,9/5/2026 12:22
DEL,BOM,Air India,AI2429,9/12/2026,9/12/2026 7:00,Economy,6979,5093,1487,399,7,9/5/2026 12:22
BLR,DEL,Air India,AI2654,9/12/2026,9/12/2026 7:00,Economy,15622,12954,2269,399,7,9/5/2026 12:22
DEL,BOM,Air India,AI2943,9/12/2026,9/12/2026 7:30,Economy,6979,5093,1487,399,7,9/5/2026 12:22
BLR,BOM,Air India,AI2411,9/12/2026,9/12/2026 8:20,Economy,16677,14287,1991,399,7,9/5/2026 12:22
DEL,BOM,Air India,AI2678,9/12/2026,9/12/2026 8:30,Economy,6979,5093,1487,399,7,9/5/2026 12:22
DEL,BOM,Air India,AI865,9/12/2026,9/12/2026 8:55,Economy,7348,5444,1505,399,7,9/5/2026 12:22
DEL,BOM,Air India,AI2963,9/12/2026,9/12/2026 9:00,Economy,7348,5444,1505,399,7,9/5/2026 12:22
BLR,DEL,Air India,AI2868,9/12/2026,9/12/2026 9:00,Economy,11444,8975,2070,399,7,9/5/2026 12:22
BLR,BOM,Air India,AI2604,9/12/2026,9/12/2026 9:15,Economy,10800,8690,1711,399,7,9/5/2026 12:22
DEL,BOM,Air India,AI2927,9/12/2026,9/12/2026 9:30,Economy,7348,5444,1505,399,7,9/5/2026 12:22
DEL,HYD,Air India,AI2542,9/12/2026,9/12/2026 9:40,Economy,10899,8663,1837,399,7,9/5/2026 12:22
DEL,BOM,Air India,AI2995,9/12/2026,9/12/2026 10:00,Economy,7348,5444,1505,399,7,9/5/2026 12:22
BLR,DEL,Air India,AI2804,9/12/2026,9/12/2026 10:00,Economy,11268,8807,2062,399,7,9/5/2026 12:22
BLR,BOM,Air India,AI2852,9/12/2026,9/12/2026 10:30,Economy,10890,8775,1716,399,7,9/5/2026 12:22
DEL,HYD,Air India,AI2859,9/12/2026,9/12/2026 10:30,Economy,10899,8663,1837,399,7,9/5/2026 12:22
DEL,BOM,Air India,AI2945,9/12/2026,9/12/2026 11:00,Economy,8608,6644,1565,399,7,9/5/2026 12:22
BLR,DEL,Air India,AI2406,9/12/2026,9/12/2026 11:00,Economy,10687,8254,2034,399,7,9/5/2026 12:22
DEL,BOM,Air India,AI1785,9/12/2026,9/12/2026 12:00,Economy,7609,5693,1517,399,7,9/5/2026 12:22
BLR,BOM,Air India,AI2630,9/12/2026,9/12/2026 12:05,Economy,13007,10792,1816,399,7,9/5/2026 12:22
DEL,HYD,Air India,AI2899,9/12/2026,9/12/2026 12:30,Economy,10899,8663,1837,399,7,9/5/2026 12:22
DEL,BOM,Air India,AI2951,9/12/2026,9/12/2026 13:30,Economy,10217,8177,1641,399,7,9/5/2026 12:22
BLR,DEL,Air India,AI2486,9/12/2026,9/12/2026 14:00,Economy,10522,8097,2026,399,7,9/5/2026 12:22
DEL,HYD,Air India,AI2465,9/12/2026,9/12/2026 14:30,Economy,9379,7216,1764,399,7,9/5/2026 12:22
BLR,DEL,Air India,AI9400,9/12/2026,9/12/2026 14:40,Economy,13864,11280,2185,399,7,9/5/2026 12:22
BLR,DEL,Air India,AI2511,9/12/2026,9/12/2026 15:00,Economy,10687,8254,2034,399,7,9/5/2026 12:22
DEL,BOM,Air India,AI2933,9/12/2026,9/12/2026 15:30,Economy,8608,6644,1565,399,7,9/5/2026 12:22
BLR,DEL,Air India,AI428,9/12/2026,9/12/2026 15:30,Economy,10522,8097,2026,399,7,9/5/2026 12:22
DEL,HYD,Air India,AI2519,9/12/2026,9/12/2026 15:30,Economy,10570,8350,1821,399,7,9/5/2026 12:22
DEL,BOM,Air India,AI1777,9/12/2026,9/12/2026 16:00,Economy,6979,5093,1487,399,7,9/5/2026 12:22
DEL,BOM,Air India,AI1780,9/12/2026,9/12/2026 16:10,Economy,7924,5993,1532,399,7,9/5/2026 12:22
DEL,BOM,Air India,AI2941,9/12/2026,9/12/2026 16:30,Economy,6979,5093,1487,399,7,9/5/2026 12:22
BLR,DEL,Air India,AI2418,9/12/2026,9/12/2026 16:30,Economy,10522,8097,2026,399,7,9/5/2026 12:22
DEL,BOM,Air India,AI441,9/12/2026,9/12/2026 17:00,Economy,6979,5093,1487,399,7,9/5/2026 12:22
BLR,DEL,Air India,AI2820,9/12/2026,9/12/2026 17:25,Economy,10274,7861,2014,399,7,9/5/2026 12:22
DEL,BOM,Air India,AI2955,9/12/2026,9/12/2026 18:00,Economy,6979,5093,1487,399,7,9/5/2026 12:22
DEL,HYD,Air India,AI2879,9/12/2026,9/12/2026 18:00,Economy,11425,9164,1862,399,7,9/5/2026 12:22
BLR,BOM,Air India,AI2854,9/12/2026,9/12/2026 18:05,Economy,8969,6946,1624,399,7,9/5/2026 12:22
BLR,DEL,Air India,AI2802,9/12/2026,9/12/2026 18:20,Economy,10522,8097,2026,399,7,9/5/2026 12:22
DEL,BOM,Air India,AI2977,9/12/2026,9/12/2026 19:00,Economy,6979,5093,1487,399,7,9/5/2026 12:22
BLR,BOM,Air India,AI2610,9/12/2026,9/12/2026 19:00,Economy,8947,6925,1623,399,7,9/5/2026 12:22
DEL,BOM,Air India,AI2985,9/12/2026,9/12/2026 19:30,Economy,6979,5093,1487,399,7,9/5/2026 12:22
DEL,HYD,Air India,AI1708,9/12/2026,9/12/2026 19:30,Economy,10015,7822,1794,399,7,9/5/2026 12:22
BLR,DEL,Air India,AI2665,9/12/2026,9/12/2026 19:40,Economy,10274,7861,2014,399,7,9/5/2026 12:22
BLR,DEL,Air India,AI2818,9/12/2026,9/12/2026 20:00,Economy,10439,8018,2022,399,7,9/5/2026 12:22
DEL,BOM,Air India,AI2957,9/12/2026,9/12/2026 20:30,Economy,7609,5693,1517,399,7,9/5/2026 12:22
BLR,BOM,Air India,AI2850,9/12/2026,9/12/2026 20:30,Economy,8806,6791,1616,399,7,9/5/2026 12:22
DEL,HYD,Air India,AI2871,9/12/2026,9/12/2026 20:30,Economy,9855,7669,1787,399,7,9/5/2026 12:22
DEL,BOM,Air India,AI2981,9/12/2026,9/12/2026 21:00,Economy,6979,5093,1487,399,7,9/5/2026 12:22
DEL,BOM,Air India,AI2433,9/12/2026,9/12/2026 21:30,Economy,7138,5244,1495,399,7,9/5/2026 12:22
BLR,BOM,Air India,AI2642,9/12/2026,9/12/2026 21:30,Economy,8668,6659,1610,399,7,9/5/2026 12:22
DEL,HYD,Air India,AI2449,9/12/2026,9/12/2026 22:00,Economy,10899,8663,1837,399,7,9/5/2026 12:22
BLR,DEL,Air India,AI2488,9/12/2026,9/12/2026 22:30,Economy,9756,7367,1990,399,7,9/5/2026 12:22
BLR,BOM,Air India,AI2840,9/12/2026,9/12/2026 22:30,Economy,7792,5825,1568,399,7,9/5/2026 12:22
DEL,BOM,Air India,AI2439,9/12/2026,9/12/2026 23:00,Economy,6979,5093,1487,399,7,9/5/2026 12:22
DEL,HYD,Air India,AI1706,9/12/2026,9/12/2026 23:00,Economy,9855,7669,1787,399,7,9/5/2026 12:22
DEL,BOM,Air India,AI9484,9/12/2026,9/12/2026 23:25,Economy,7347,5443,1505,399,7,9/5/2026 12:22
BLR,BOM,Air India,AI2811,9/12/2026,9/12/2026 23:40,Economy,7463,5512,1552,399,7,9/5/2026 12:22
BLR,DEL,Air India,AI2758,9/20/2026,9/20/2026 0:15,Economy,10274,7861,2014,399,15,9/5/2026 10:27
DEL,HYD,Air India,AI2577,9/20/2026,9/20/2026 2:00,Economy,9379,7216,1764,399,15,9/5/2026 10:27
BLR,BOM,Air India,AI2858,9/20/2026,9/20/2026 2:20,Economy,5139,3298,1442,399,15,9/5/2026 10:27
DEL,BOM,Air India,AI1745,9/20/2026,9/20/2026 5:00,Economy,6979,5093,1487,399,15,9/5/2026 10:27
BLR,DEL,Air India,AI2414,9/20/2026,9/20/2026 5:30,Economy,9756,7367,1990,399,15,9/5/2026 10:27
DEL,BOM,Air India,AI9486,9/20/2026,9/20/2026 5:35,Economy,6976,5090,1487,399,15,9/5/2026 10:27
BLR,DEL,Air India,AI2810,9/20/2026,9/20/2026 6:00,Economy,9270,6904,1967,399,15,9/5/2026 10:27
DEL,HYD,Air India,AI1793,9/20/2026,9/20/2026 6:00,Economy,10485,8269,1817,399,15,9/5/2026 10:27
DEL,BOM,Air India,AI2975,9/20/2026,9/20/2026 6:30,Economy,6979,5093,1487,399,15,9/5/2026 10:27
BLR,BOM,Air India,AI2402,9/20/2026,9/20/2026 6:35,Economy,8061,6081,1581,399,15,9/5/2026 10:27
DEL,BOM,Air India,AI2429,9/20/2026,9/20/2026 7:00,Economy,6979,5093,1487,399,15,9/5/2026 10:27
BLR,DEL,Air India,AI2654,9/20/2026,9/20/2026 7:00,Economy,10274,7861,2014,399,15,9/5/2026 10:27
DEL,BOM,Air India,AI2943,9/20/2026,9/20/2026 7:30,Economy,6979,5093,1487,399,15,9/5/2026 10:27
BLR,BOM,Air India,AI2411,9/20/2026,9/20/2026 8:20,Economy,7431,5481,1551,399,15,9/5/2026 10:27
DEL,BOM,Air India,AI2678,9/20/2026,9/20/2026 8:30,Economy,6979,5093,1487,399,15,9/5/2026 10:27
DEL,BOM,Air India,AI2963,9/20/2026,9/20/2026 9:00,Economy,6979,5093,1487,399,15,9/5/2026 10:27
BLR,DEL,Air India,AI2868,9/20/2026,9/20/2026 9:00,Economy,9270,6904,1967,399,15,9/5/2026 10:27
BLR,BOM,Air India,AI2604,9/20/2026,9/20/2026 9:15,Economy,7868,5897,1572,399,15,9/5/2026 10:27
DEL,BOM,Air India,AI2927,9/20/2026,9/20/2026 9:30,Economy,6979,5093,1487,399,15,9/5/2026 10:27
DEL,BOM,Air India,AI2995,9/20/2026,9/20/2026 10:00,Economy,6979,5093,1487,399,15,9/5/2026 10:27
BLR,DEL,Air India,AI2804,9/20/2026,9/20/2026 10:00,Economy,9756,7367,1990,399,15,9/5/2026 10:27
DEL,BOM,Air India,AI2425,9/20/2026,9/20/2026 10:30,Economy,6979,5093,1487,399,15,9/5/2026 10:27
BLR,BOM,Air India,AI2852,9/20/2026,9/20/2026 10:30,Economy,9046,7019,1628,399,15,9/5/2026 10:27
DEL,HYD,Air India,AI2859,9/20/2026,9/20/2026 10:30,Economy,11172,8923,1850,399,15,9/5/2026 10:27
DEL,BOM,Air India,AI2945,9/20/2026,9/20/2026 11:00,Economy,7348,5444,1505,399,15,9/5/2026 10:27
BLR,DEL,Air India,AI2406,9/20/2026,9/20/2026 11:00,Economy,10522,8097,2026,399,15,9/5/2026 10:27
DEL,BOM,Air India,AI1785,9/20/2026,9/20/2026 12:00,Economy,7348,5444,1505,399,15,9/5/2026 10:27
BLR,BOM,Air India,AI2630,9/20/2026,9/20/2026 12:05,Economy,11470,9328,1743,399,15,9/5/2026 10:27
DEL,BOM,Air India,AI2951,9/20/2026,9/20/2026 13:30,Economy,8608,6644,1565,399,15,9/5/2026 10:27
BLR,DEL,Air India,AI2486,9/20/2026,9/20/2026 14:00,Economy,11092,8640,2053,399,15,9/5/2026 10:27
DEL,HYD,Air India,AI2465,9/20/2026,9/20/2026 14:30,Economy,12098,9805,1894,399,15,9/5/2026 10:27
BLR,DEL,Air India,AI9400,9/20/2026,9/20/2026 14:40,Economy,9566,7186,1981,399,15,9/5/2026 10:27
BLR,DEL,Air India,AI2511,9/20/2026,9/20/2026 15:00,Economy,10687,8254,2034,399,15,9/5/2026 10:27
DEL,BOM,Air India,AI2933,9/20/2026,9/20/2026 15:30,Economy,10630,8570,1661,399,15,9/5/2026 10:27
BLR,DEL,Air India,AI428,9/20/2026,9/20/2026 15:30,Economy,10439,8018,2022,399,15,9/5/2026 10:27
DEL,HYD,Air India,AI2519,9/20/2026,9/20/2026 15:30,Economy,12391,10084,1908,399,15,9/5/2026 10:27
DEL,BOM,Air India,AI1777,9/20/2026,9/20/2026 16:00,Economy,7576,5662,1515,399,15,9/5/2026 10:27
DEL,BOM,Air India,AI1780,9/20/2026,9/20/2026 16:10,Economy,7348,5444,1505,399,15,9/5/2026 10:27
DEL,BOM,Air India,AI2941,9/20/2026,9/20/2026 16:30,Economy,7609,5693,1517,399,15,9/5/2026 10:27
BLR,DEL,Air India,AI2418,9/20/2026,9/20/2026 16:30,Economy,10687,8254,2034,399,15,9/5/2026 10:27
DEL,BOM,Air India,AI441,9/20/2026,9/20/2026 17:00,Economy,7348,5444,1505,399,15,9/5/2026 10:27
BLR,DEL,Air India,AI2820,9/20/2026,9/20/2026 17:25,Economy,10687,8254,2034,399,15,9/5/2026 10:27
DEL,BOM,Air India,AI2955,9/20/2026,9/20/2026 18:00,Economy,8028,6092,1537,399,15,9/5/2026 10:27
DEL,HYD,Air India,AI2879,9/20/2026,9/20/2026 18:00,Economy,12391,10084,1908,399,15,9/5/2026 10:27
BLR,BOM,Air India,AI2854,9/20/2026,9/20/2026 18:05,Economy,9407,7363,1645,399,15,9/5/2026 10:27
BLR,DEL,Air India,AI2802,9/20/2026,9/20/2026 18:20,Economy,10522,8097,2026,399,15,9/5/2026 10:27
DEL,BOM,Air India,AI2977,9/20/2026,9/20/2026 19:00,Economy,7748,5825,1524,399,15,9/5/2026 10:27
BLR,BOM,Air India,AI2610,9/20/2026,9/20/2026 19:00,Economy,8049,6070,1580,399,15,9/5/2026 10:27
DEL,BOM,Air India,AI2985,9/20/2026,9/20/2026 19:30,Economy,7348,5444,1505,399,15,9/5/2026 10:27
DEL,HYD,Air India,AI1708,9/20/2026,9/20/2026 19:30,Economy,11617,9347,1871,399,15,9/5/2026 10:27
BLR,DEL,Air India,AI2665,9/20/2026,9/20/2026 19:40,Economy,9270,6904,1967,399,15,9/5/2026 10:27
DEL,BOM,Air India,AI2805,9/20/2026,9/20/2026 20:00,Economy,7348,5444,1505,399,15,9/5/2026 10:27
BLR,DEL,Air India,AI2818,9/20/2026,9/20/2026 20:00,Economy,10439,8018,2022,399,15,9/5/2026 10:27
DEL,BOM,Air India,AI2957,9/20/2026,9/20/2026 20:30,Economy,7348,5444,1505,399,15,9/5/2026 10:27
BLR,BOM,Air India,AI2850,9/20/2026,9/20/2026 20:30,Economy,7546,5591,1556,399,15,9/5/2026 10:27
DEL,HYD,Air India,AI2871,9/20/2026,9/20/2026 20:30,Economy,11172,8923,1850,399,15,9/5/2026 10:27
DEL,BOM,Air India,AI2981,9/20/2026,9/20/2026 21:00,Economy,7789,5864,1526,399,15,9/5/2026 10:27
BLR,BOM,Air India,AI2642,9/20/2026,9/20/2026 21:30,Economy,8061,6081,1581,399,15,9/5/2026 10:27
DEL,HYD,Air India,AI2449,9/20/2026,9/20/2026 22:00,Economy,10899,8663,1837,399,15,9/5/2026 10:27
BLR,DEL,Air India,AI2488,9/20/2026,9/20/2026 22:30,Economy,8814,6470,1945,399,15,9/5/2026 10:27
BLR,BOM,Air India,AI2840,9/20/2026,9/20/2026 22:30,Economy,7885,5913,1573,399,15,9/5/2026 10:27
DEL,BOM,Air India,AI2439,9/20/2026,9/20/2026 23:00,Economy,10217,8177,1641,399,15,9/5/2026 10:27
DEL,HYD,Air India,AI1706,9/20/2026,9/20/2026 23:00,Economy,9855,7669,1787,399,15,9/5/2026 10:27
DEL,BOM,Air India,AI9484,9/20/2026,9/20/2026 23:25,Economy,7077,5186,1492,399,15,9/5/2026 10:27
BLR,BOM,Air India,AI2811,9/20/2026,9/20/2026 23:40,Economy,6392,4492,1501,399,15,9/5/2026 10:27
BLR,DEL,Air India,AI2758,10/5/2026,10/5/2026 0:15,Economy,8814,6470,1945,399,30,9/5/2026 10:34
BLR,DEL,Air India,AI9430,10/5/2026,10/5/2026 1:15,Economy,10638,8207,2032,399,30,9/5/2026 10:34
BLR,BOM,Air India,AI2858,10/5/2026,10/5/2026 2:20,Economy,6883,4959,1525,399,30,9/5/2026 10:34
DEL,BOM,Air India,AI1745,10/5/2026,10/5/2026 5:00,Economy,7138,5244,1495,399,30,9/5/2026 10:34
BLR,DEL,Air India,AI2810,10/5/2026,10/5/2026 6:00,Economy,9988,7588,2001,399,30,9/5/2026 10:34
DEL,BOM,Air India,AI2975,10/5/2026,10/5/2026 6:30,Economy,7348,5444,1505,399,30,9/5/2026 10:34
BLR,BOM,Air India,AI2402,10/5/2026,10/5/2026 6:35,Economy,8124,6141,1584,399,30,9/5/2026 10:34
BLR,DEL,Air India,AI9772,10/5/2026,10/5/2026 6:40,Economy,10638,8207,2032,399,30,9/5/2026 10:34
DEL,BOM,Air India,AI2429,10/5/2026,10/5/2026 7:00,Economy,7519,5607,1513,399,30,9/5/2026 10:34
BLR,DEL,Air India,AI2654,10/5/2026,10/5/2026 7:00,Economy,11268,8807,2062,399,30,9/5/2026 10:34
DEL,BOM,Air India,AI2943,10/5/2026,10/5/2026 7:30,Economy,7519,5607,1513,399,30,9/5/2026 10:34
BLR,BOM,Air India,AI2846,10/5/2026,10/5/2026 8:20,Economy,7588,5631,1558,399,30,9/5/2026 10:34
DEL,BOM,Air India,AI2678,10/5/2026,10/5/2026 8:30,Economy,7138,5244,1495,399,30,9/5/2026 10:34
DEL,BOM,Air India,AI2963,10/5/2026,10/5/2026 9:00,Economy,6979,5093,1487,399,30,9/5/2026 10:34
BLR,DEL,Air India,AI2868,10/5/2026,10/5/2026 9:00,Economy,9910,7514,1997,399,30,9/5/2026 10:34
BLR,BOM,Air India,AI2604,10/5/2026,10/5/2026 9:15,Economy,7477,5525,1553,399,30,9/5/2026 10:34
DEL,BOM,Air India,AI2927,10/5/2026,10/5/2026 9:30,Economy,6979,5093,1487,399,30,9/5/2026 10:34
DEL,BOM,Air India,AI2995,10/5/2026,10/5/2026 10:00,Economy,6979,5093,1487,399,30,9/5/2026 10:34
BLR,DEL,Air India,AI2804,10/5/2026,10/5/2026 10:00,Economy,8814,6470,1945,399,30,9/5/2026 10:34
DEL,BOM,Air India,AI2425,10/5/2026,10/5/2026 10:30,Economy,6979,5093,1487,399,30,9/5/2026 10:34
BLR,BOM,Air India,AI2852,10/5/2026,10/5/2026 10:30,Economy,8318,6326,1593,399,30,9/5/2026 10:34
DEL,BOM,Air India,AI2945,10/5/2026,10/5/2026 11:00,Economy,6979,5093,1487,399,30,9/5/2026 10:34
BLR,DEL,Air India,AI2406,10/5/2026,10/5/2026 11:00,Economy,8814,6470,1945,399,30,9/5/2026 10:34
BLR,BOM,Air India,AI2630,10/5/2026,10/5/2026 12:05,Economy,7706,5743,1564,399,30,9/5/2026 10:34
DEL,BOM,Air India,AI2951,10/5/2026,10/5/2026 13:30,Economy,7138,5244,1495,399,30,9/5/2026 10:34
BLR,DEL,Air India,AI2486,10/5/2026,10/5/2026 14:00,Economy,8814,6470,1945,399,30,9/5/2026 10:34
DEL,BOM,Air India,AI2441,10/5/2026,10/5/2026 14:10,Economy,6979,5093,1487,399,30,9/5/2026 10:34
DEL,BOM,Air India,AI1780,10/5/2026,10/5/2026 14:30,Economy,10367,8320,1648,399,30,9/5/2026 10:34
BLR,DEL,Air India,AI428,10/5/2026,10/5/2026 14:30,Economy,8814,6470,1945,399,30,9/5/2026 10:34
BLR,DEL,Air India,AI2511,10/5/2026,10/5/2026 15:00,Economy,8814,6470,1945,399,30,9/5/2026 10:34
DEL,BOM,Air India,AI2933,10/5/2026,10/5/2026 15:30,Economy,6979,5093,1487,399,30,9/5/2026 10:34
DEL,BOM,Air India,AI1777,10/5/2026,10/5/2026 16:00,Economy,7140,5246,1495,399,30,9/5/2026 10:34
BLR,DEL,Air India,AI2418,10/5/2026,10/5/2026 16:30,Economy,8814,6470,1945,399,30,9/5/2026 10:34
DEL,BOM,Air India,AI441,10/5/2026,10/5/2026 17:00,Economy,6979,5093,1487,399,30,9/5/2026 10:34
BLR,DEL,Air India,AI2820,10/5/2026,10/5/2026 17:25,Economy,8814,6470,1945,399,30,9/5/2026 10:34
BLR,DEL,Air India,AI9400,10/5/2026,10/5/2026 17:35,Economy,10638,8207,2032,399,30,9/5/2026 10:34
DEL,BOM,Air India,AI9486,10/5/2026,10/5/2026 17:50,Economy,6923,5040,1484,399,30,9/5/2026 10:34
DEL,BOM,Air India,AI2955,10/5/2026,10/5/2026 18:00,Economy,7691,5771,1521,399,30,9/5/2026 10:34
BLR,BOM,Air India,AI2854,10/5/2026,10/5/2026 18:05,Economy,7477,5525,1553,399,30,9/5/2026 10:34
BLR,DEL,Air India,AI2802,10/5/2026,10/5/2026 18:20,Economy,8814,6470,1945,399,30,9/5/2026 10:34
DEL,BOM,Air India,AI2977,10/5/2026,10/5/2026 19:00,Economy,7406,5500,1507,399,30,9/5/2026 10:34
BLR,BOM,Air India,AI2610,10/5/2026,10/5/2026 19:00,Economy,7477,5525,1553,399,30,9/5/2026 10:34
DEL,BOM,Air India,AI2985,10/5/2026,10/5/2026 19:30,Economy,7140,5246,1495,399,30,9/5/2026 10:34
BLR,DEL,Air India,AI2665,10/5/2026,10/5/2026 19:40,Economy,8814,6470,1945,399,30,9/5/2026 10:34
DEL,BOM,Air India,AI2805,10/5/2026,10/5/2026 20:00,Economy,6979,5093,1487,399,30,9/5/2026 10:34
BLR,DEL,Air India,AI2818,10/5/2026,10/5/2026 20:00,Economy,8949,6599,1951,399,30,9/5/2026 10:34
DEL,BOM,Air India,AI2957,10/5/2026,10/5/2026 20:30,Economy,6979,5093,1487,399,30,9/5/2026 10:34
BLR,BOM,Air India,AI2850,10/5/2026,10/5/2026 20:30,Economy,7365,5418,1548,399,30,9/5/2026 10:34
DEL,BOM,Air India,AI2981,10/5/2026,10/5/2026 21:00,Economy,7138,5244,1495,399,30,9/5/2026 10:34
BLR,BOM,Air India,AI2642,10/5/2026,10/5/2026 21:30,Economy,7253,5312,1542,399,30,9/5/2026 10:34
DEL,BOM,Air India,AI2999,10/5/2026,10/5/2026 22:00,Economy,7138,5244,1495,399,30,9/5/2026 10:34
BLR,DEL,Air India,AI2814,10/5/2026,10/5/2026 22:00,Economy,8814,6470,1945,399,30,9/5/2026 10:34
BLR,DEL,Air India,AI2488,10/5/2026,10/5/2026 22:30,Economy,8814,6470,1945,399,30,9/5/2026 10:34
BLR,BOM,Air India,AI2840,10/5/2026,10/5/2026 22:30,Economy,7253,5312,1542,399,30,9/5/2026 10:34
DEL,BOM,Air India,AI2439,10/5/2026,10/5/2026 23:00,Economy,7247,5348,1500,399,30,9/5/2026 10:34
DEL,BOM,Air India,AI9484,10/5/2026,10/5/2026 23:25,Economy,6923,5040,1484,399,30,9/5/2026 10:34
BLR,BOM,Air India,AI2811,10/5/2026,10/5/2026 23:40,Economy,7061,5129,1533,399,30,9/5/2026 10:34
DEL,HYD,Air India,AI2577,10/5/2026,10/5/2026 2:00,Economy,10315,8107,1809,399,30,9/5/2026 12:02
DEL,HYD,Air India,AI1793,10/5/2026,10/5/2026 6:00,Economy,10419,8206,1814,399,30,9/5/2026 12:02
DEL,HYD,Air India,AI2560,10/5/2026,10/5/2026 7:00,Economy,11353,9096,1858,399,30,9/5/2026 12:02
DEL,HYD,Air India,AI2542,10/5/2026,10/5/2026 9:40,Economy,9855,7669,1787,399,30,9/5/2026 12:02
DEL,HYD,Air India,AI2859,10/5/2026,10/5/2026 10:30,Economy,10096,7899,1798,399,30,9/5/2026 12:02
DEL,HYD,Air India,AI2899,10/5/2026,10/5/2026 12:30,Economy,10315,8107,1809,399,30,9/5/2026 12:02
DEL,HYD,Air India,AI2465,10/5/2026,10/5/2026 14:30,Economy,10655,8431,1825,399,30,9/5/2026 12:02
DEL,HYD,Air India,AI2519,10/5/2026,10/5/2026 15:30,Economy,10315,8107,1809,399,30,9/5/2026 12:02
DEL,HYD,Air India,AI2879,10/5/2026,10/5/2026 18:00,Economy,10899,8663,1837,399,30,9/5/2026 12:02
DEL,HYD,Air India,AI1708,10/5/2026,10/5/2026 19:30,Economy,10485,8269,1817,399,30,9/5/2026 12:02
DEL,HYD,Air India,AI2871,10/5/2026,10/5/2026 20:30,Economy,10315,8107,1809,399,30,9/5/2026 12:02
DEL,HYD,Air India,AI2449,10/5/2026,10/5/2026 22:00,Economy,10315,8107,1809,399,30,9/5/2026 12:02
DEL,HYD,Air India,AI1706,10/5/2026,10/5/2026 23:00,Economy,9855,7669,1787,399,30,9/5/2026 12:02
BLR,DEL,Air India,AI2758,10/20/2026,10/20/2026 0:15,Economy,10356,7939,2018,399,45,9/5/2026 10:27
BLR,DEL,Air India,AI9430,10/20/2026,10/20/2026 1:15,Economy,16103,13412,2292,399,45,9/5/2026 10:27
DEL,BOM,Air India,AI1745,10/20/2026,10/20/2026 5:00,Economy,7468,5559,1510,399,45,9/5/2026 10:27
BLR,DEL,Air India,AI2414,10/20/2026,10/20/2026 5:30,Economy,10373,7955,2019,399,45,9/5/2026 10:27
BLR,DEL,Air India,AI2810,10/20/2026,10/20/2026 6:00,Economy,10375,7957,2019,399,45,9/5/2026 10:27
DEL,BOM,Air India,AI2975,10/20/2026,10/20/2026 6:30,Economy,7468,5559,1510,399,45,9/5/2026 10:27
BLR,DEL,Air India,AI9772,10/20/2026,10/20/2026 6:40,Economy,16103,13412,2292,399,45,9/5/2026 10:27
DEL,BOM,Air India,AI2429,10/20/2026,10/20/2026 7:00,Economy,7919,5988,1532,399,45,9/5/2026 10:27
BLR,DEL,Air India,AI2654,10/20/2026,10/20/2026 7:00,Economy,10542,8116,2027,399,45,9/5/2026 10:27
DEL,BOM,Air India,AI2943,10/20/2026,10/20/2026 7:30,Economy,7644,5726,1519,399,45,9/5/2026 10:27
DEL,BOM,Air India,AI2678,10/20/2026,10/20/2026 8:30,Economy,7468,5559,1510,399,45,9/5/2026 10:27
DEL,BOM,Air India,AI2963,10/20/2026,10/20/2026 9:00,Economy,7468,5559,1510,399,45,9/5/2026 10:27
BLR,DEL,Air India,AI2868,10/20/2026,10/20/2026 9:00,Economy,10676,8243,2034,399,45,9/5/2026 10:27
DEL,BOM,Air India,AI2927,10/20/2026,10/20/2026 9:30,Economy,7468,5559,1510,399,45,9/5/2026 10:27
DEL,BOM,Air India,AI2995,10/20/2026,10/20/2026 10:00,Economy,7468,5559,1510,399,45,9/5/2026 10:27
BLR,DEL,Air India,AI2804,10/20/2026,10/20/2026 10:00,Economy,10506,8082,2025,399,45,9/5/2026 10:27
DEL,BOM,Air India,AI2425,10/20/2026,10/20/2026 10:30,Economy,7468,5559,1510,399,45,9/5/2026 10:27
DEL,BOM,Air India,AI2945,10/20/2026,10/20/2026 11:00,Economy,7468,5559,1510,399,45,9/5/2026 10:27
BLR,DEL,Air India,AI2406,10/20/2026,10/20/2026 11:00,Economy,10946,8501,2046,399,45,9/5/2026 10:27
DEL,BOM,Air India,AI1785,10/20/2026,10/20/2026 12:00,Economy,7644,5726,1519,399,45,9/5/2026 10:27
DEL,BOM,Air India,AI2951,10/20/2026,10/20/2026 13:30,Economy,7468,5559,1510,399,45,9/5/2026 10:27
BLR,DEL,Air India,AI2486,10/20/2026,10/20/2026 14:00,Economy,10506,8082,2025,399,45,9/5/2026 10:27
DEL,BOM,Air India,AI2441,10/20/2026,10/20/2026 14:10,Economy,7468,5559,1510,399,45,9/5/2026 10:27
DEL,BOM,Air India,AI1780,10/20/2026,10/20/2026 14:30,Economy,7468,5559,1510,399,45,9/5/2026 10:27
BLR,DEL,Air India,AI428,10/20/2026,10/20/2026 14:30,Economy,10506,8082,2025,399,45,9/5/2026 10:27
BLR,DEL,Air India,AI2511,10/20/2026,10/20/2026 15:00,Economy,10506,8082,2025,399,45,9/5/2026 10:27
DEL,BOM,Air India,AI2933,10/20/2026,10/20/2026 15:30,Economy,7468,5559,1510,399,45,9/5/2026 10:27
DEL,BOM,Air India,AI1777,10/20/2026,10/20/2026 16:00,Economy,7644,5726,1519,399,45,9/5/2026 10:27
BLR,DEL,Air India,AI2418,10/20/2026,10/20/2026 16:30,Economy,10506,8082,2025,399,45,9/5/2026 10:27
DEL,BOM,Air India,AI441,10/20/2026,10/20/2026 17:00,Economy,7468,5559,1510,399,45,9/5/2026 10:27
BLR,DEL,Air India,AI2820,10/20/2026,10/20/2026 17:25,Economy,10506,8082,2025,399,45,9/5/2026 10:27
BLR,DEL,Air India,AI9400,10/20/2026,10/20/2026 17:35,Economy,17360,14609,2352,399,45,9/5/2026 10:27
DEL,BOM,Air India,AI9486,10/20/2026,10/20/2026 17:50,Economy,7636,5719,1518,399,45,9/5/2026 10:27
BLR,DEL,Air India,AI2802,10/20/2026,10/20/2026 18:20,Economy,10506,8082,2025,399,45,9/5/2026 10:27
DEL,BOM,Air India,AI2977,10/20/2026,10/20/2026 19:00,Economy,8422,6467,1556,399,45,9/5/2026 10:27
DEL,BOM,Air India,AI2985,10/20/2026,10/20/2026 19:30,Economy,8108,6168,1541,399,45,9/5/2026 10:27
BLR,DEL,Air India,AI2665,10/20/2026,10/20/2026 19:40,Economy,10506,8082,2025,399,45,9/5/2026 10:27
BLR,DEL,Air India,AI2818,10/20/2026,10/20/2026 20:00,Economy,10713,8279,2035,399,45,9/5/2026 10:27
DEL,BOM,Air India,AI2957,10/20/2026,10/20/2026 20:30,Economy,7919,5988,1532,399,45,9/5/2026 10:27
DEL,BOM,Air India,AI2981,10/20/2026,10/20/2026 21:00,Economy,7919,5988,1532,399,45,9/5/2026 10:27
DEL,BOM,Air India,AI2433,10/20/2026,10/20/2026 21:30,Economy,8108,6168,1541,399,45,9/5/2026 10:27
DEL,BOM,Air India,AI2999,10/20/2026,10/20/2026 22:00,Economy,7919,5988,1532,399,45,9/5/2026 10:27
BLR,DEL,Air India,AI2814,10/20/2026,10/20/2026 22:00,Economy,10373,7955,2019,399,45,9/5/2026 10:27
BLR,DEL,Air India,AI2488,10/20/2026,10/20/2026 22:30,Economy,10373,7955,2019,399,45,9/5/2026 10:27
DEL,BOM,Air India,AI2439,10/20/2026,10/20/2026 23:00,Economy,7760,5837,1524,399,45,9/5/2026 10:27
DEL,BOM,Air India,AI9484,10/20/2026,10/20/2026 23:25,Economy,7636,5719,1518,399,45,9/5/2026 10:27
BLR,BOM,Air India,AI2858,10/20/2026,10/20/2026 2:20,Economy,7253,5312,1542,399,45,9/5/2026 10:38
BLR,BOM,Air India,AI2402,10/20/2026,10/20/2026 6:35,Economy,7253,5312,1542,399,45,9/5/2026 10:38
BLR,BOM,Air India,AI2846,10/20/2026,10/20/2026 8:20,Economy,8989,6965,1625,399,45,9/5/2026 10:38
BLR,BOM,Air India,AI2604,10/20/2026,10/20/2026 9:15,Economy,9056,7029,1628,399,45,9/5/2026 10:38
BLR,BOM,Air India,AI2852,10/20/2026,10/20/2026 10:30,Economy,8996,6972,1625,399,45,9/5/2026 10:38
BLR,BOM,Air India,AI2630,10/20/2026,10/20/2026 12:05,Economy,8584,6579,1606,399,45,9/5/2026 10:38
BLR,BOM,Air India,AI2854,10/20/2026,10/20/2026 18:05,Economy,8933,6912,1622,399,45,9/5/2026 10:38
BLR,BOM,Air India,AI2610,10/20/2026,10/20/2026 19:00,Economy,8854,6836,1619,399,45,9/5/2026 10:38
BLR,BOM,Air India,AI2850,10/20/2026,10/20/2026 20:30,Economy,8333,6340,1594,399,45,9/5/2026 10:38
BLR,BOM,Air India,AI2642,10/20/2026,10/20/2026 21:30,Economy,8993,6969,1625,399,45,9/5/2026 10:38
BLR,BOM,Air India,AI2840,10/20/2026,10/20/2026 22:30,Economy,8361,6367,1595,399,45,9/5/2026 10:38
BLR,BOM,Air India,AI2811,10/20/2026,10/20/2026 23:40,Economy,8400,6404,1597,399,45,9/5/2026 10:38
DEL,HYD,Air India,AI2577,10/20/2026,10/20/2026 2:00,Economy,17052,14523,2130,399,45,9/5/2026 10:43
DEL,HYD,Air India,AI1793,10/20/2026,10/20/2026 6:00,Economy,10015,7822,1794,399,45,9/5/2026 10:43
DEL,HYD,Air India,AI2560,10/20/2026,10/20/2026 7:00,Economy,9855,7669,1787,399,45,9/5/2026 10:43
DEL,HYD,Air India,AI2542,10/20/2026,10/20/2026 9:40,Economy,10899,8663,1837,399,45,9/5/2026 10:43
DEL,HYD,Air India,AI2859,10/20/2026,10/20/2026 10:30,Economy,10899,8663,1837,399,45,9/5/2026 10:43
DEL,HYD,Air India,AI2899,10/20/2026,10/20/2026 12:30,Economy,11425,9164,1862,399,45,9/5/2026 10:43
DEL,HYD,Air India,AI2465,10/20/2026,10/20/2026 14:30,Economy,10177,7976,1802,399,45,9/5/2026 10:43
DEL,HYD,Air India,AI2519,10/20/2026,10/20/2026 15:30,Economy,14600,12188,2013,399,45,9/5/2026 10:43
DEL,HYD,Air India,AI2879,10/20/2026,10/20/2026 18:00,Economy,17052,14523,2130,399,45,9/5/2026 10:43
DEL,HYD,Air India,AI1708,10/20/2026,10/20/2026 19:30,Economy,14856,12432,2025,399,45,9/5/2026 10:43
DEL,HYD,Air India,AI2871,10/20/2026,10/20/2026 20:30,Economy,12082,9790,1893,399,45,9/5/2026 10:43
DEL,HYD,Air India,AI2449,10/20/2026,10/20/2026 22:00,Economy,12082,9790,1893,399,45,9/5/2026 10:43
DEL,HYD,Air India,AI1706,10/20/2026,10/20/2026 23:00,Economy,11425,9164,1862,399,45,9/5/2026 10:43
BLR,DEL,Air India,AI2758,9/12/2026,9/12/2026 0:15,Economy,13257,10702,2156,399,7,9/5/2026 18:33
BLR,DEL,Air India,AI9430,9/12/2026,9/12/2026 1:15,Economy,12045,9547,2099,399,7,9/5/2026 18:33
DEL,HYD,Air India,AI2577,9/12/2026,9/12/2026 2:00,Economy,9855,7669,1787,399,7,9/5/2026 18:33
BLR,BOM,Air India,AI2858,9/12/2026,9/12/2026 2:20,Economy,10622,8520,1703,399,7,9/5/2026 18:33
BLR,BOM,Air India,AI3306,9/12/2026,9/12/2026 2:25,Economy,10622,8520,1703,399,7,9/5/2026 18:33
DEL,BOM,Air India,AI1745,9/12/2026,9/12/2026 5:00,Economy,7348,5444,1505,399,7,9/5/2026 18:33
BLR,DEL,Air India,AI2414,9/12/2026,9/12/2026 5:30,Economy,10530,8104,2027,399,7,9/5/2026 18:33
DEL,BOM,Air India,AI9486,9/12/2026,9/12/2026 5:35,Economy,6976,5090,1487,399,7,9/5/2026 18:33
BLR,DEL,Air India,AI2810,9/12/2026,9/12/2026 6:00,Economy,12829,10294,2136,399,7,9/5/2026 18:33
DEL,HYD,Air India,AI1793,9/12/2026,9/12/2026 6:00,Economy,12151,9856,1896,399,7,9/5/2026 18:33
DEL,BOM,Air India,AI2975,9/12/2026,9/12/2026 6:30,Economy,7138,5244,1495,399,7,9/5/2026 18:33
BLR,BOM,Air India,AI2402,9/12/2026,9/12/2026 6:35,Economy,10622,8520,1703,399,7,9/5/2026 18:33
DEL,BOM,Air India,AI2429,9/12/2026,9/12/2026 7:00,Economy,7348,5444,1505,399,7,9/5/2026 18:33
BLR,DEL,Air India,AI2654,9/12/2026,9/12/2026 7:00,Economy,15622,12954,2269,399,7,9/5/2026 18:33
DEL,BOM,Air India,AI2943,9/12/2026,9/12/2026 7:30,Economy,6979,5093,1487,399,7,9/5/2026 18:33
BLR,BOM,Air India,AI2411,9/12/2026,9/12/2026 8:20,Economy,16677,14287,1991,399,7,9/5/2026 18:33
DEL,BOM,Air India,AI2678,9/12/2026,9/12/2026 8:30,Economy,6979,5093,1487,399,7,9/5/2026 18:33
DEL,BOM,Air India,AI865,9/12/2026,9/12/2026 8:55,Economy,7348,5444,1505,399,7,9/5/2026 18:33
DEL,BOM,Air India,AI2963,9/12/2026,9/12/2026 9:00,Economy,7348,5444,1505,399,7,9/5/2026 18:33
BLR,DEL,Air India,AI2868,9/12/2026,9/12/2026 9:00,Economy,11444,8975,2070,399,7,9/5/2026 18:33
BLR,BOM,Air India,AI2604,9/12/2026,9/12/2026 9:15,Economy,10800,8690,1711,399,7,9/5/2026 18:33
DEL,BOM,Air India,AI2927,9/12/2026,9/12/2026 9:30,Economy,7348,5444,1505,399,7,9/5/2026 18:33
DEL,HYD,Air India,AI2542,9/12/2026,9/12/2026 9:40,Economy,10899,8663,1837,399,7,9/5/2026 18:33
DEL,BOM,Air India,AI2995,9/12/2026,9/12/2026 10:00,Economy,7348,5444,1505,399,7,9/5/2026 18:33
BLR,DEL,Air India,AI2804,9/12/2026,9/12/2026 10:00,Economy,11268,8807,2062,399,7,9/5/2026 18:33
BLR,BOM,Air India,AI2852,9/12/2026,9/12/2026 10:30,Economy,10890,8775,1716,399,7,9/5/2026 18:33
DEL,HYD,Air India,AI2859,9/12/2026,9/12/2026 10:30,Economy,10899,8663,1837,399,7,9/5/2026 18:33
DEL,BOM,Air India,AI2945,9/12/2026,9/12/2026 11:00,Economy,9967,7939,1629,399,7,9/5/2026 18:33
BLR,DEL,Air India,AI2406,9/12/2026,9/12/2026 11:00,Economy,10687,8254,2034,399,7,9/5/2026 18:33
DEL,BOM,Air India,AI1785,9/12/2026,9/12/2026 12:00,Economy,7348,5444,1505,399,7,9/5/2026 18:33
BLR,BOM,Air India,AI2630,9/12/2026,9/12/2026 12:05,Economy,12911,10700,1812,399,7,9/5/2026 18:33
DEL,HYD,Air India,AI2899,9/12/2026,9/12/2026 12:30,Economy,10899,8663,1837,399,7,9/5/2026 18:33
DEL,BOM,Air India,AI2951,9/12/2026,9/12/2026 13:30,Economy,10217,8177,1641,399,7,9/5/2026 18:33
BLR,DEL,Air India,AI2486,9/12/2026,9/12/2026 14:00,Economy,10522,8097,2026,399,7,9/5/2026 18:33
DEL,HYD,Air India,AI2465,9/12/2026,9/12/2026 14:30,Economy,9379,7216,1764,399,7,9/5/2026 18:33
BLR,DEL,Air India,AI9400,9/12/2026,9/12/2026 14:40,Economy,13864,11280,2185,399,7,9/5/2026 18:33
BLR,DEL,Air India,AI2511,9/12/2026,9/12/2026 15:00,Economy,10687,8254,2034,399,7,9/5/2026 18:33
DEL,BOM,Air India,AI2933,9/12/2026,9/12/2026 15:30,Economy,8239,6293,1547,399,7,9/5/2026 18:33
BLR,DEL,Air India,AI428,9/12/2026,9/12/2026 15:30,Economy,10522,8097,2026,399,7,9/5/2026 18:33
DEL,HYD,Air India,AI2519,9/12/2026,9/12/2026 15:30,Economy,10621,8399,1823,399,7,9/5/2026 18:33
DEL,BOM,Air India,AI1777,9/12/2026,9/12/2026 16:00,Economy,6979,5093,1487,399,7,9/5/2026 18:33
DEL,BOM,Air India,AI1780,9/12/2026,9/12/2026 16:10,Economy,7924,5993,1532,399,7,9/5/2026 18:33
DEL,BOM,Air India,AI2941,9/12/2026,9/12/2026 16:30,Economy,6979,5093,1487,399,7,9/5/2026 18:33
BLR,DEL,Air India,AI2418,9/12/2026,9/12/2026 16:30,Economy,10522,8097,2026,399,7,9/5/2026 18:33
DEL,BOM,Air India,AI441,9/12/2026,9/12/2026 17:00,Economy,6979,5093,1487,399,7,9/5/2026 18:33
BLR,DEL,Air India,AI2820,9/12/2026,9/12/2026 17:25,Economy,10274,7861,2014,399,7,9/5/2026 18:33
DEL,BOM,Air India,AI2955,9/12/2026,9/12/2026 18:00,Economy,6979,5093,1487,399,7,9/5/2026 18:33
DEL,HYD,Air India,AI2879,9/12/2026,9/12/2026 18:00,Economy,11474,9211,1864,399,7,9/5/2026 18:33
BLR,BOM,Air India,AI2854,9/12/2026,9/12/2026 18:05,Economy,9226,7191,1636,399,7,9/5/2026 18:33
BLR,DEL,Air India,AI2802,9/12/2026,9/12/2026 18:20,Economy,10522,8097,2026,399,7,9/5/2026 18:33
DEL,BOM,Air India,AI2977,9/12/2026,9/12/2026 19:00,Economy,6979,5093,1487,399,7,9/5/2026 18:33
BLR,BOM,Air India,AI2610,9/12/2026,9/12/2026 19:00,Economy,8947,6925,1623,399,7,9/5/2026 18:33
DEL,BOM,Air India,AI2985,9/12/2026,9/12/2026 19:30,Economy,6979,5093,1487,399,7,9/5/2026 18:33
DEL,HYD,Air India,AI1708,9/12/2026,9/12/2026 19:30,Economy,10015,7822,1794,399,7,9/5/2026 18:33
BLR,DEL,Air India,AI2665,9/12/2026,9/12/2026 19:40,Economy,10274,7861,2014,399,7,9/5/2026 18:33
BLR,DEL,Air India,AI2818,9/12/2026,9/12/2026 20:00,Economy,10439,8018,2022,399,7,9/5/2026 18:33
DEL,BOM,Air India,AI2957,9/12/2026,9/12/2026 20:30,Economy,7348,5444,1505,399,7,9/5/2026 18:33
BLR,BOM,Air India,AI2850,9/12/2026,9/12/2026 20:30,Economy,8806,6791,1616,399,7,9/5/2026 18:33
DEL,HYD,Air India,AI2871,9/12/2026,9/12/2026 20:30,Economy,9855,7669,1787,399,7,9/5/2026 18:33
DEL,BOM,Air India,AI2981,9/12/2026,9/12/2026 21:00,Economy,6979,5093,1487,399,7,9/5/2026 18:33
DEL,BOM,Air India,AI2433,9/12/2026,9/12/2026 21:30,Economy,7138,5244,1495,399,7,9/5/2026 18:33
BLR,BOM,Air India,AI2642,9/12/2026,9/12/2026 21:30,Economy,8668,6659,1610,399,7,9/5/2026 18:33
DEL,HYD,Air India,AI2449,9/12/2026,9/12/2026 22:00,Economy,10899,8663,1837,399,7,9/5/2026 18:33
BLR,DEL,Air India,AI2488,9/12/2026,9/12/2026 22:30,Economy,9756,7367,1990,399,7,9/5/2026 18:33
BLR,BOM,Air India,AI2840,9/12/2026,9/12/2026 22:30,Economy,7996,6019,1578,399,7,9/5/2026 18:33
DEL,BOM,Air India,AI2439,9/12/2026,9/12/2026 23:00,Economy,6979,5093,1487,399,7,9/5/2026 18:33
DEL,HYD,Air India,AI1706,9/12/2026,9/12/2026 23:00,Economy,9855,7669,1787,399,7,9/5/2026 18:33
DEL,BOM,Air India,AI9484,9/12/2026,9/12/2026 23:25,Economy,6976,5090,1487,399,7,9/5/2026 18:33
BLR,BOM,Air India,AI2811,9/12/2026,9/12/2026 23:40,Economy,7921,5948,1574,399,7,9/5/2026 18:33
BLR,DEL,Air India,AI2758,9/12/2026,9/12/2026 0:15,Economy,13257,10702,2156,399,7,9/5/2026 18:47
BLR,DEL,Air India,AI9430,9/12/2026,9/12/2026 1:15,Economy,12045,9547,2099,399,7,9/5/2026 18:47
BLR,DEL,Air India,AI2414,9/12/2026,9/12/2026 5:30,Economy,10530,8104,2027,399,7,9/5/2026 18:47
BLR,DEL,Air India,AI2810,9/12/2026,9/12/2026 6:00,Economy,12829,10294,2136,399,7,9/5/2026 18:47
BLR,DEL,Air India,AI2654,9/12/2026,9/12/2026 7:00,Economy,15622,12954,2269,399,7,9/5/2026 18:47
BLR,DEL,Air India,AI2868,9/12/2026,9/12/2026 9:00,Economy,11444,8975,2070,399,7,9/5/2026 18:47
BLR,DEL,Air India,AI2804,9/12/2026,9/12/2026 10:00,Economy,11268,8807,2062,399,7,9/5/2026 18:47
BLR,DEL,Air India,AI2406,9/12/2026,9/12/2026 11:00,Economy,10687,8254,2034,399,7,9/5/2026 18:47
BLR,DEL,Air India,AI2486,9/12/2026,9/12/2026 14:00,Economy,10522,8097,2026,399,7,9/5/2026 18:47
BLR,DEL,Air India,AI9400,9/12/2026,9/12/2026 14:40,Economy,13864,11280,2185,399,7,9/5/2026 18:47
BLR,DEL,Air India,AI2511,9/12/2026,9/12/2026 15:00,Economy,10687,8254,2034,399,7,9/5/2026 18:47
BLR,DEL,Air India,AI428,9/12/2026,9/12/2026 15:30,Economy,10522,8097,2026,399,7,9/5/2026 18:47
BLR,DEL,Air India,AI2418,9/12/2026,9/12/2026 16:30,Economy,10522,8097,2026,399,7,9/5/2026 18:47
BLR,DEL,Air India,AI2820,9/12/2026,9/12/2026 17:25,Economy,10274,7861,2014,399,7,9/5/2026 18:47
BLR,DEL,Air India,AI2802,9/12/2026,9/12/2026 18:20,Economy,10522,8097,2026,399,7,9/5/2026 18:47
BLR,DEL,Air India,AI2665,9/12/2026,9/12/2026 19:40,Economy,10274,7861,2014,399,7,9/5/2026 18:47
BLR,DEL,Air India,AI2818,9/12/2026,9/12/2026 20:00,Economy,10439,8018,2022,399,7,9/5/2026 18:47
BLR,DEL,Air India,AI2488,9/12/2026,9/12/2026 22:30,Economy,9756,7367,1990,399,7,9/5/2026 18:47
BLR,DEL,Air India,AI2758,9/20/2026,9/20/2026 0:15,Economy,9885,7490,1996,399,15,9/5/2026 17:53
BLR,DEL,Air India,AI2758,9/20/2026,9/20/2026 0:15,Economy,9885,7490,1996,399,15,9/5/2026 17:53
DEL,HYD,Air India,AI2577,9/20/2026,9/20/2026 2:00,Economy,9379,7216,1764,399,15,9/5/2026 17:53
DEL,HYD,Air India,AI2577,9/20/2026,9/20/2026 2:00,Economy,9379,7216,1764,399,15,9/5/2026 17:53
BLR,BOM,Air India,AI2858,9/20/2026,9/20/2026 2:20,Economy,5018,3183,1436,399,15,9/5/2026 17:53
BLR,BOM,Air India,AI2858,9/20/2026,9/20/2026 2:20,Economy,5018,3183,1436,399,15,9/5/2026 17:53
DEL,BOM,Air India,AI1745,9/20/2026,9/20/2026 5:00,Economy,6979,5093,1487,399,15,9/5/2026 17:53
DEL,BOM,Air India,AI1745,9/20/2026,9/20/2026 5:00,Economy,6979,5093,1487,399,15,9/5/2026 17:53
BLR,DEL,Air India,AI2414,9/20/2026,9/20/2026 5:30,Economy,8905,6557,1949,399,15,9/5/2026 17:53
BLR,DEL,Air India,AI2414,9/20/2026,9/20/2026 5:30,Economy,8905,6557,1949,399,15,9/5/2026 17:53
DEL,BOM,Air India,AI9486,9/20/2026,9/20/2026 5:35,Economy,6976,5090,1487,399,15,9/5/2026 17:53
DEL,BOM,Air India,AI9486,9/20/2026,9/20/2026 5:35,Economy,6976,5090,1487,399,15,9/5/2026 17:53
BLR,DEL,Air India,AI2810,9/20/2026,9/20/2026 6:00,Economy,9050,6695,1956,399,15,9/5/2026 17:53
DEL,HYD,Air India,AI1793,9/20/2026,9/20/2026 6:00,Economy,10535,8317,1819,399,15,9/5/2026 17:53
BLR,DEL,Air India,AI2810,9/20/2026,9/20/2026 6:00,Economy,9050,6695,1956,399,15,9/5/2026 17:53
DEL,HYD,Air India,AI1793,9/20/2026,9/20/2026 6:00,Economy,10535,8317,1819,399,15,9/5/2026 17:53
DEL,BOM,Air India,AI2975,9/20/2026,9/20/2026 6:30,Economy,6979,5093,1487,399,15,9/5/2026 17:53
DEL,BOM,Air India,AI2975,9/20/2026,9/20/2026 6:30,Economy,6979,5093,1487,399,15,9/5/2026 17:53
BLR,BOM,Air India,AI2402,9/20/2026,9/20/2026 6:35,Economy,7945,5971,1575,399,15,9/5/2026 17:53
BLR,BOM,Air India,AI2402,9/20/2026,9/20/2026 6:35,Economy,7945,5971,1575,399,15,9/5/2026 17:53
DEL,BOM,Air India,AI2429,9/20/2026,9/20/2026 7:00,Economy,6979,5093,1487,399,15,9/5/2026 17:53
BLR,DEL,Air India,AI2654,9/20/2026,9/20/2026 7:00,Economy,10165,7757,2009,399,15,9/5/2026 17:53
DEL,BOM,Air India,AI2429,9/20/2026,9/20/2026 7:00,Economy,6979,5093,1487,399,15,9/5/2026 17:53
BLR,DEL,Air India,AI2654,9/20/2026,9/20/2026 7:00,Economy,10165,7757,2009,399,15,9/5/2026 17:53
DEL,BOM,Air India,AI2943,9/20/2026,9/20/2026 7:30,Economy,6979,5093,1487,399,15,9/5/2026 17:53
DEL,BOM,Air India,AI2943,9/20/2026,9/20/2026 7:30,Economy,6979,5093,1487,399,15,9/5/2026 17:53
BLR,BOM,Air India,AI2411,9/20/2026,9/20/2026 8:20,Economy,7241,5300,1542,399,15,9/5/2026 17:53
BLR,BOM,Air India,AI2411,9/20/2026,9/20/2026 8:20,Economy,7241,5300,1542,399,15,9/5/2026 17:53
DEL,BOM,Air India,AI2678,9/20/2026,9/20/2026 8:30,Economy,6979,5093,1487,399,15,9/5/2026 17:53
DEL,BOM,Air India,AI2678,9/20/2026,9/20/2026 8:30,Economy,6979,5093,1487,399,15,9/5/2026 17:53
DEL,BOM,Air India,AI2963,9/20/2026,9/20/2026 9:00,Economy,6979,5093,1487,399,15,9/5/2026 17:53
BLR,DEL,Air India,AI2868,9/20/2026,9/20/2026 9:00,Economy,9050,6695,1956,399,15,9/5/2026 17:53
DEL,BOM,Air India,AI2963,9/20/2026,9/20/2026 9:00,Economy,6979,5093,1487,399,15,9/5/2026 17:53
BLR,DEL,Air India,AI2868,9/20/2026,9/20/2026 9:00,Economy,9050,6695,1956,399,15,9/5/2026 17:53
BLR,BOM,Air India,AI2604,9/20/2026,9/20/2026 9:15,Economy,7667,5706,1562,399,15,9/5/2026 17:53
BLR,BOM,Air India,AI2604,9/20/2026,9/20/2026 9:15,Economy,7667,5706,1562,399,15,9/5/2026 17:53
DEL,BOM,Air India,AI2927,9/20/2026,9/20/2026 9:30,Economy,6979,5093,1487,399,15,9/5/2026 17:53
DEL,BOM,Air India,AI2927,9/20/2026,9/20/2026 9:30,Economy,6979,5093,1487,399,15,9/5/2026 17:53
DEL,HYD,Air India,AI2542,9/20/2026,9/20/2026 9:40,Economy,11353,9096,1858,399,15,9/5/2026 17:53
DEL,HYD,Air India,AI2542,9/20/2026,9/20/2026 9:40,Economy,11353,9096,1858,399,15,9/5/2026 17:53
DEL,BOM,Air India,AI2995,9/20/2026,9/20/2026 10:00,Economy,6979,5093,1487,399,15,9/5/2026 17:53
BLR,DEL,Air India,AI2804,9/20/2026,9/20/2026 10:00,Economy,9495,7119,1977,399,15,9/5/2026 17:53
DEL,BOM,Air India,AI2995,9/20/2026,9/20/2026 10:00,Economy,6979,5093,1487,399,15,9/5/2026 17:53
BLR,DEL,Air India,AI2804,9/20/2026,9/20/2026 10:00,Economy,9495,7119,1977,399,15,9/5/2026 17:53
DEL,BOM,Air India,AI2425,9/20/2026,9/20/2026 10:30,Economy,6979,5093,1487,399,15,9/5/2026 17:53
BLR,BOM,Air India,AI2852,9/20/2026,9/20/2026 10:30,Economy,8924,6903,1622,399,15,9/5/2026 17:53
DEL,HYD,Air India,AI2859,9/20/2026,9/20/2026 10:30,Economy,11172,8923,1850,399,15,9/5/2026 17:53
DEL,BOM,Air India,AI2425,9/20/2026,9/20/2026 10:30,Economy,6979,5093,1487,399,15,9/5/2026 17:53
BLR,BOM,Air India,AI2852,9/20/2026,9/20/2026 10:30,Economy,8924,6903,1622,399,15,9/5/2026 17:53
DEL,HYD,Air India,AI2859,9/20/2026,9/20/2026 10:30,Economy,11172,8923,1850,399,15,9/5/2026 17:53
DEL,BOM,Air India,AI2945,9/20/2026,9/20/2026 11:00,Economy,7348,5444,1505,399,15,9/5/2026 17:53
BLR,DEL,Air India,AI2406,9/20/2026,9/20/2026 11:00,Economy,10272,7859,2014,399,15,9/5/2026 17:53
DEL,BOM,Air India,AI2945,9/20/2026,9/20/2026 11:00,Economy,7348,5444,1505,399,15,9/5/2026 17:53
BLR,DEL,Air India,AI2406,9/20/2026,9/20/2026 11:00,Economy,10272,7859,2014,399,15,9/5/2026 17:53
DEL,BOM,Air India,AI1785,9/20/2026,9/20/2026 12:00,Economy,7609,5693,1517,399,15,9/5/2026 17:53
DEL,BOM,Air India,AI1785,9/20/2026,9/20/2026 12:00,Economy,7609,5693,1517,399,15,9/5/2026 17:53
BLR,BOM,Air India,AI2630,9/20/2026,9/20/2026 12:05,Economy,11158,9031,1728,399,15,9/5/2026 17:53
BLR,BOM,Air India,AI2630,9/20/2026,9/20/2026 12:05,Economy,11158,9031,1728,399,15,9/5/2026 17:53
DEL,HYD,Air India,AI2899,9/20/2026,9/20/2026 12:30,Economy,11764,9487,1878,399,15,9/5/2026 17:53
DEL,HYD,Air India,AI2899,9/20/2026,9/20/2026 12:30,Economy,11764,9487,1878,399,15,9/5/2026 17:53
DEL,BOM,Air India,AI2951,9/20/2026,9/20/2026 13:30,Economy,9967,7939,1629,399,15,9/5/2026 17:53
DEL,BOM,Air India,AI2951,9/20/2026,9/20/2026 13:30,Economy,9967,7939,1629,399,15,9/5/2026 17:53
BLR,DEL,Air India,AI2486,9/20/2026,9/20/2026 14:00,Economy,10832,8392,2041,399,15,9/5/2026 17:53
BLR,DEL,Air India,AI2486,9/20/2026,9/20/2026 14:00,Economy,10832,8392,2041,399,15,9/5/2026 17:53
DEL,HYD,Air India,AI2465,9/20/2026,9/20/2026 14:30,Economy,12801,10475,1927,399,15,9/5/2026 17:53
DEL,HYD,Air India,AI2465,9/20/2026,9/20/2026 14:30,Economy,12801,10475,1927,399,15,9/5/2026 17:53
BLR,DEL,Air India,AI9400,9/20/2026,9/20/2026 14:40,Economy,10353,7936,2018,399,15,9/5/2026 17:53
BLR,DEL,Air India,AI9400,9/20/2026,9/20/2026 14:40,Economy,10353,7936,2018,399,15,9/5/2026 17:53
BLR,DEL,Air India,AI2511,9/20/2026,9/20/2026 15:00,Economy,10432,8011,2022,399,15,9/5/2026 17:53
BLR,DEL,Air India,AI2511,9/20/2026,9/20/2026 15:00,Economy,10432,8011,2022,399,15,9/5/2026 17:53
DEL,BOM,Air India,AI2933,9/20/2026,9/20/2026 15:30,Economy,10630,8570,1661,399,15,9/5/2026 17:53
BLR,DEL,Air India,AI428,9/20/2026,9/20/2026 15:30,Economy,10191,7782,2010,399,15,9/5/2026 17:53
DEL,HYD,Air India,AI2519,9/20/2026,9/20/2026 15:30,Economy,12391,10084,1908,399,15,9/5/2026 17:53
DEL,BOM,Air India,AI2933,9/20/2026,9/20/2026 15:30,Economy,10630,8570,1661,399,15,9/5/2026 17:53
BLR,DEL,Air India,AI428,9/20/2026,9/20/2026 15:30,Economy,10191,7782,2010,399,15,9/5/2026 17:53
DEL,HYD,Air India,AI2519,9/20/2026,9/20/2026 15:30,Economy,12391,10084,1908,399,15,9/5/2026 17:53
DEL,BOM,Air India,AI1777,9/20/2026,9/20/2026 16:00,Economy,7576,5662,1515,399,15,9/5/2026 17:53
DEL,BOM,Air India,AI1777,9/20/2026,9/20/2026 16:00,Economy,7576,5662,1515,399,15,9/5/2026 17:53
DEL,BOM,Air India,AI1780,9/20/2026,9/20/2026 16:10,Economy,7138,5244,1495,399,15,9/5/2026 17:53
DEL,BOM,Air India,AI1780,9/20/2026,9/20/2026 16:10,Economy,7138,5244,1495,399,15,9/5/2026 17:53
DEL,BOM,Air India,AI2941,9/20/2026,9/20/2026 16:30,Economy,7609,5693,1517,399,15,9/5/2026 17:53
BLR,DEL,Air India,AI2418,9/20/2026,9/20/2026 16:30,Economy,10432,8011,2022,399,15,9/5/2026 17:53
DEL,BOM,Air India,AI2941,9/20/2026,9/20/2026 16:30,Economy,7609,5693,1517,399,15,9/5/2026 17:53
BLR,DEL,Air India,AI2418,9/20/2026,9/20/2026 16:30,Economy,10432,8011,2022,399,15,9/5/2026 17:53
DEL,BOM,Air India,AI441,9/20/2026,9/20/2026 17:00,Economy,7348,5444,1505,399,15,9/5/2026 17:53
DEL,BOM,Air India,AI441,9/20/2026,9/20/2026 17:00,Economy,7348,5444,1505,399,15,9/5/2026 17:53
BLR,DEL,Air India,AI2820,9/20/2026,9/20/2026 17:25,Economy,10432,8011,2022,399,15,9/5/2026 17:53
BLR,DEL,Air India,AI2820,9/20/2026,9/20/2026 17:25,Economy,10432,8011,2022,399,15,9/5/2026 17:53
DEL,BOM,Air India,AI2955,9/20/2026,9/20/2026 18:00,Economy,8028,6092,1537,399,15,9/5/2026 17:53
DEL,HYD,Air India,AI2879,9/20/2026,9/20/2026 18:00,Economy,12391,10084,1908,399,15,9/5/2026 17:53
DEL,BOM,Air India,AI2955,9/20/2026,9/20/2026 18:00,Economy,8028,6092,1537,399,15,9/5/2026 17:53
DEL,HYD,Air India,AI2879,9/20/2026,9/20/2026 18:00,Economy,12391,10084,1908,399,15,9/5/2026 17:53
BLR,BOM,Air India,AI2854,9/20/2026,9/20/2026 18:05,Economy,9115,7085,1631,399,15,9/5/2026 17:53
BLR,BOM,Air India,AI2854,9/20/2026,9/20/2026 18:05,Economy,9115,7085,1631,399,15,9/5/2026 17:53
BLR,DEL,Air India,AI2802,9/20/2026,9/20/2026 18:20,Economy,10272,7859,2014,399,15,9/5/2026 17:53
BLR,DEL,Air India,AI2802,9/20/2026,9/20/2026 18:20,Economy,10272,7859,2014,399,15,9/5/2026 17:53
DEL,BOM,Air India,AI2977,9/20/2026,9/20/2026 19:00,Economy,7748,5825,1524,399,15,9/5/2026 17:53
BLR,BOM,Air India,AI2610,9/20/2026,9/20/2026 19:00,Economy,8589,6584,1606,399,15,9/5/2026 17:53
DEL,BOM,Air India,AI2977,9/20/2026,9/20/2026 19:00,Economy,7748,5825,1524,399,15,9/5/2026 17:53
BLR,BOM,Air India,AI2610,9/20/2026,9/20/2026 19:00,Economy,8589,6584,1606,399,15,9/5/2026 17:53
DEL,BOM,Air India,AI2985,9/20/2026,9/20/2026 19:30,Economy,7348,5444,1505,399,15,9/5/2026 17:53
DEL,HYD,Air India,AI1708,9/20/2026,9/20/2026 19:30,Economy,11667,9395,1873,399,15,9/5/2026 17:53
DEL,BOM,Air India,AI2985,9/20/2026,9/20/2026 19:30,Economy,7348,5444,1505,399,15,9/5/2026 17:53
DEL,HYD,Air India,AI1708,9/20/2026,9/20/2026 19:30,Economy,11667,9395,1873,399,15,9/5/2026 17:53
BLR,DEL,Air India,AI2665,9/20/2026,9/20/2026 19:40,Economy,9506,7129,1978,399,15,9/5/2026 17:53
BLR,DEL,Air India,AI2665,9/20/2026,9/20/2026 19:40,Economy,9506,7129,1978,399,15,9/5/2026 17:53
DEL,BOM,Air India,AI2805,9/20/2026,9/20/2026 20:00,Economy,7348,5444,1505,399,15,9/5/2026 17:53
BLR,DEL,Air India,AI2818,9/20/2026,9/20/2026 20:00,Economy,10191,7782,2010,399,15,9/5/2026 17:53
DEL,BOM,Air India,AI2805,9/20/2026,9/20/2026 20:00,Economy,7348,5444,1505,399,15,9/5/2026 17:53
BLR,DEL,Air India,AI2818,9/20/2026,9/20/2026 20:00,Economy,10191,7782,2010,399,15,9/5/2026 17:53
DEL,BOM,Air India,AI2957,9/20/2026,9/20/2026 20:30,Economy,7348,5444,1505,399,15,9/5/2026 17:53
BLR,BOM,Air India,AI2850,9/20/2026,9/20/2026 20:30,Economy,7676,5714,1563,399,15,9/5/2026 17:53
DEL,HYD,Air India,AI2871,9/20/2026,9/20/2026 20:30,Economy,11172,8923,1850,399,15,9/5/2026 17:53
DEL,BOM,Air India,AI2957,9/20/2026,9/20/2026 20:30,Economy,7348,5444,1505,399,15,9/5/2026 17:53
BLR,BOM,Air India,AI2850,9/20/2026,9/20/2026 20:30,Economy,7676,5714,1563,399,15,9/5/2026 17:53
DEL,HYD,Air India,AI2871,9/20/2026,9/20/2026 20:30,Economy,11172,8923,1850,399,15,9/5/2026 17:53
DEL,BOM,Air India,AI2981,9/20/2026,9/20/2026 21:00,Economy,8113,6173,1541,399,15,9/5/2026 17:53
DEL,BOM,Air India,AI2981,9/20/2026,9/20/2026 21:00,Economy,8113,6173,1541,399,15,9/5/2026 17:53
BLR,BOM,Air India,AI2642,9/20/2026,9/20/2026 21:30,Economy,8113,6131,1583,399,15,9/5/2026 17:53
BLR,BOM,Air India,AI2642,9/20/2026,9/20/2026 21:30,Economy,8113,6131,1583,399,15,9/5/2026 17:53
DEL,HYD,Air India,AI2449,9/20/2026,9/20/2026 22:00,Economy,10899,8663,1837,399,15,9/5/2026 17:53
DEL,HYD,Air India,AI2449,9/20/2026,9/20/2026 22:00,Economy,10899,8663,1837,399,15,9/5/2026 17:53
BLR,DEL,Air India,AI2488,9/20/2026,9/20/2026 22:30,Economy,8663,6326,1938,399,15,9/5/2026 17:53
BLR,BOM,Air India,AI2840,9/20/2026,9/20/2026 22:30,Economy,7682,5720,1563,399,15,9/5/2026 17:53
BLR,DEL,Air India,AI2488,9/20/2026,9/20/2026 22:30,Economy,8663,6326,1938,399,15,9/5/2026 17:53
BLR,BOM,Air India,AI2840,9/20/2026,9/20/2026 22:30,Economy,7682,5720,1563,399,15,9/5/2026 17:53
DEL,BOM,Air India,AI2439,9/20/2026,9/20/2026 23:00,Economy,10217,8177,1641,399,15,9/5/2026 17:53
DEL,HYD,Air India,AI1706,9/20/2026,9/20/2026 23:00,Economy,9855,7669,1787,399,15,9/5/2026 17:53
DEL,BOM,Air India,AI2439,9/20/2026,9/20/2026 23:00,Economy,10217,8177,1641,399,15,9/5/2026 17:53
DEL,HYD,Air India,AI1706,9/20/2026,9/20/2026 23:00,Economy,9855,7669,1787,399,15,9/5/2026 17:53
DEL,BOM,Air India,AI9484,9/20/2026,9/20/2026 23:25,Economy,7596,5681,1516,399,15,9/5/2026 17:53
DEL,BOM,Air India,AI9484,9/20/2026,9/20/2026 23:25,Economy,7596,5681,1516,399,15,9/5/2026 17:53
BLR,BOM,Air India,AI2811,9/20/2026,9/20/2026 23:40,Economy,6857,4934,1524,399,15,9/5/2026 17:53
BLR,BOM,Air India,AI2811,9/20/2026,9/20/2026 23:40,Economy,6857,4934,1524,399,15,9/5/2026 17:53
BLR,DEL,Air India,AI2758,10/5/2026,10/5/2026 0:15,Economy,8436,6110,1927,399,30,9/5/2026 17:56
BLR,DEL,Air India,AI9430,10/5/2026,10/5/2026 1:15,Economy,11149,8694,2056,399,30,9/5/2026 17:56
DEL,BOM,Air India,AI1745,10/5/2026,10/5/2026 5:00,Economy,7138,5244,1495,399,30,9/5/2026 17:56
BLR,DEL,Air India,AI2810,10/5/2026,10/5/2026 6:00,Economy,9965,7566,2000,399,30,9/5/2026 17:56
DEL,BOM,Air India,AI2975,10/5/2026,10/5/2026 6:30,Economy,7348,5444,1505,399,30,9/5/2026 17:56
BLR,DEL,Air India,AI9772,10/5/2026,10/5/2026 6:40,Economy,11149,8694,2056,399,30,9/5/2026 17:56
DEL,BOM,Air India,AI2429,10/5/2026,10/5/2026 7:00,Economy,7519,5607,1513,399,30,9/5/2026 17:56
BLR,DEL,Air India,AI2654,10/5/2026,10/5/2026 7:00,Economy,11469,8999,2071,399,30,9/5/2026 17:56
DEL,BOM,Air India,AI2943,10/5/2026,10/5/2026 7:30,Economy,7519,5607,1513,399,30,9/5/2026 17:56
DEL,BOM,Air India,AI2678,10/5/2026,10/5/2026 8:30,Economy,7138,5244,1495,399,30,9/5/2026 17:56
DEL,BOM,Air India,AI2963,10/5/2026,10/5/2026 9:00,Economy,6979,5093,1487,399,30,9/5/2026 17:56
BLR,DEL,Air India,AI2868,10/5/2026,10/5/2026 9:00,Economy,9810,7419,1992,399,30,9/5/2026 17:56
DEL,BOM,Air India,AI2927,10/5/2026,10/5/2026 9:30,Economy,6979,5093,1487,399,30,9/5/2026 17:56
DEL,BOM,Air India,AI2995,10/5/2026,10/5/2026 10:00,Economy,6979,5093,1487,399,30,9/5/2026 17:56
BLR,DEL,Air India,AI2804,10/5/2026,10/5/2026 10:00,Economy,8582,6249,1934,399,30,9/5/2026 17:56
DEL,BOM,Air India,AI2425,10/5/2026,10/5/2026 10:30,Economy,6979,5093,1487,399,30,9/5/2026 17:56
DEL,BOM,Air India,AI2945,10/5/2026,10/5/2026 11:00,Economy,6979,5093,1487,399,30,9/5/2026 17:56
BLR,DEL,Air India,AI2406,10/5/2026,10/5/2026 11:00,Economy,8582,6249,1934,399,30,9/5/2026 17:56
DEL,BOM,Air India,AI2951,10/5/2026,10/5/2026 13:30,Economy,7138,5244,1495,399,30,9/5/2026 17:56
BLR,DEL,Air India,AI2486,10/5/2026,10/5/2026 14:00,Economy,8582,6249,1934,399,30,9/5/2026 17:56
DEL,BOM,Air India,AI2441,10/5/2026,10/5/2026 14:10,Economy,6979,5093,1487,399,30,9/5/2026 17:56
DEL,BOM,Air India,AI1780,10/5/2026,10/5/2026 14:30,Economy,10367,8320,1648,399,30,9/5/2026 17:56
BLR,DEL,Air India,AI428,10/5/2026,10/5/2026 14:30,Economy,8582,6249,1934,399,30,9/5/2026 17:56
BLR,DEL,Air India,AI2511,10/5/2026,10/5/2026 15:00,Economy,8582,6249,1934,399,30,9/5/2026 17:56
DEL,BOM,Air India,AI2933,10/5/2026,10/5/2026 15:30,Economy,6979,5093,1487,399,30,9/5/2026 17:56
DEL,BOM,Air India,AI1777,10/5/2026,10/5/2026 16:00,Economy,7140,5246,1495,399,30,9/5/2026 17:56
BLR,DEL,Air India,AI2418,10/5/2026,10/5/2026 16:30,Economy,8582,6249,1934,399,30,9/5/2026 17:56
DEL,BOM,Air India,AI441,10/5/2026,10/5/2026 17:00,Economy,6979,5093,1487,399,30,9/5/2026 17:56
BLR,DEL,Air India,AI2820,10/5/2026,10/5/2026 17:25,Economy,8582,6249,1934,399,30,9/5/2026 17:56
BLR,DEL,Air India,AI9400,10/5/2026,10/5/2026 17:35,Economy,10638,8207,2032,399,30,9/5/2026 17:56
DEL,BOM,Air India,AI9486,10/5/2026,10/5/2026 17:50,Economy,6923,5040,1484,399,30,9/5/2026 17:56
DEL,BOM,Air India,AI2955,10/5/2026,10/5/2026 18:00,Economy,7468,5559,1510,399,30,9/5/2026 17:56
BLR,DEL,Air India,AI2802,10/5/2026,10/5/2026 18:20,Economy,8582,6249,1934,399,30,9/5/2026 17:56
DEL,BOM,Air India,AI2977,10/5/2026,10/5/2026 19:00,Economy,7406,5500,1507,399,30,9/5/2026 17:56
DEL,BOM,Air India,AI2985,10/5/2026,10/5/2026 19:30,Economy,7140,5246,1495,399,30,9/5/2026 17:56
BLR,DEL,Air India,AI2665,10/5/2026,10/5/2026 19:40,Economy,8582,6249,1934,399,30,9/5/2026 17:56
DEL,BOM,Air India,AI2805,10/5/2026,10/5/2026 20:00,Economy,6979,5093,1487,399,30,9/5/2026 17:56
BLR,DEL,Air India,AI2818,10/5/2026,10/5/2026 20:00,Economy,8714,6375,1940,399,30,9/5/2026 17:56
DEL,BOM,Air India,AI2957,10/5/2026,10/5/2026 20:30,Economy,6979,5093,1487,399,30,9/5/2026 17:56
DEL,BOM,Air India,AI2981,10/5/2026,10/5/2026 21:00,Economy,7138,5244,1495,399,30,9/5/2026 17:56
DEL,BOM,Air India,AI2999,10/5/2026,10/5/2026 22:00,Economy,7138,5244,1495,399,30,9/5/2026 17:56
BLR,DEL,Air India,AI2814,10/5/2026,10/5/2026 22:00,Economy,8582,6249,1934,399,30,9/5/2026 17:56
BLR,DEL,Air India,AI2488,10/5/2026,10/5/2026 22:30,Economy,8582,6249,1934,399,30,9/5/2026 17:56
DEL,BOM,Air India,AI2439,10/5/2026,10/5/2026 23:00,Economy,7247,5348,1500,399,30,9/5/2026 17:56
DEL,BOM,Air India,AI9484,10/5/2026,10/5/2026 23:25,Economy,6923,5040,1484,399,30,9/5/2026 17:56
DEL,HYD,Air India,AI2577,10/5/2026,10/5/2026 2:00,Economy,10364,8154,1811,399,30,9/5/2026 18:29
DEL,HYD,Air India,AI1793,10/5/2026,10/5/2026 6:00,Economy,10419,8206,1814,399,30,9/5/2026 18:29
DEL,HYD,Air India,AI2560,10/5/2026,10/5/2026 7:00,Economy,11353,9096,1858,399,30,9/5/2026 18:29
DEL,HYD,Air India,AI2542,10/5/2026,10/5/2026 9:40,Economy,9855,7669,1787,399,30,9/5/2026 18:29
DEL,HYD,Air India,AI2859,10/5/2026,10/5/2026 10:30,Economy,10096,7899,1798,399,30,9/5/2026 18:29
DEL,HYD,Air India,AI2899,10/5/2026,10/5/2026 12:30,Economy,10364,8154,1811,399,30,9/5/2026 18:29
DEL,HYD,Air India,AI2465,10/5/2026,10/5/2026 14:30,Economy,10706,8480,1827,399,30,9/5/2026 18:29
DEL,HYD,Air India,AI2519,10/5/2026,10/5/2026 15:30,Economy,10364,8154,1811,399,30,9/5/2026 18:29
DEL,HYD,Air India,AI2879,10/5/2026,10/5/2026 18:00,Economy,10899,8663,1837,399,30,9/5/2026 18:29
DEL,HYD,Air India,AI1708,10/5/2026,10/5/2026 19:30,Economy,10015,7822,1794,399,30,9/5/2026 18:29
DEL,HYD,Air India,AI2871,10/5/2026,10/5/2026 20:30,Economy,9855,7669,1787,399,30,9/5/2026 18:29
DEL,HYD,Air India,AI2449,10/5/2026,10/5/2026 22:00,Economy,9855,7669,1787,399,30,9/5/2026 18:29
DEL,HYD,Air India,AI1706,10/5/2026,10/5/2026 23:00,Economy,9855,7669,1787,399,30,9/5/2026 18:29
BLR,BOM,Air India,AI2858,10/5/2026,10/5/2026 2:20,Economy,7061,5129,1533,399,30,9/5/2026 18:34
BLR,BOM,Air India,AI2402,10/5/2026,10/5/2026 6:35,Economy,7928,5954,1575,399,30,9/5/2026 18:34
BLR,BOM,Air India,AI2846,10/5/2026,10/5/2026 8:20,Economy,7776,5810,1567,399,30,9/5/2026 18:34
BLR,BOM,Air India,AI2604,10/5/2026,10/5/2026 9:15,Economy,7661,5700,1562,399,30,9/5/2026 18:34
BLR,BOM,Air India,AI2852,10/5/2026,10/5/2026 10:30,Economy,8302,6311,1592,399,30,9/5/2026 18:34
BLR,BOM,Air India,AI2630,10/5/2026,10/5/2026 12:05,Economy,7546,5591,1556,399,30,9/5/2026 18:34
BLR,BOM,Air India,AI2854,10/5/2026,10/5/2026 18:05,Economy,7661,5700,1562,399,30,9/5/2026 18:34
BLR,BOM,Air India,AI2610,10/5/2026,10/5/2026 19:00,Economy,7661,5700,1562,399,30,9/5/2026 18:34
BLR,BOM,Air India,AI2850,10/5/2026,10/5/2026 20:30,Economy,7546,5591,1556,399,30,9/5/2026 18:34
BLR,BOM,Air India,AI2642,10/5/2026,10/5/2026 21:30,Economy,7431,5481,1551,399,30,9/5/2026 18:34
BLR,BOM,Air India,AI2840,10/5/2026,10/5/2026 22:30,Economy,7431,5481,1551,399,30,9/5/2026 18:34
BLR,BOM,Air India,AI2811,10/5/2026,10/5/2026 23:40,Economy,7061,5129,1533,399,30,9/5/2026 18:34
DEL,BOM,Air India,AI1745,10/20/2026,10/20/2026 5:00,Economy,7468,5559,1510,399,45,9/5/2026 18:28
DEL,BOM,Air India,AI2975,10/20/2026,10/20/2026 6:30,Economy,7468,5559,1510,399,45,9/5/2026 18:28
DEL,BOM,Air India,AI2429,10/20/2026,10/20/2026 7:00,Economy,7919,5988,1532,399,45,9/5/2026 18:28
DEL,BOM,Air India,AI2943,10/20/2026,10/20/2026 7:30,Economy,7644,5726,1519,399,45,9/5/2026 18:28
DEL,BOM,Air India,AI2678,10/20/2026,10/20/2026 8:30,Economy,7468,5559,1510,399,45,9/5/2026 18:28
DEL,BOM,Air India,AI2963,10/20/2026,10/20/2026 9:00,Economy,7468,5559,1510,399,45,9/5/2026 18:28
DEL,BOM,Air India,AI2927,10/20/2026,10/20/2026 9:30,Economy,7468,5559,1510,399,45,9/5/2026 18:28
DEL,BOM,Air India,AI2995,10/20/2026,10/20/2026 10:00,Economy,7468,5559,1510,399,45,9/5/2026 18:28
DEL,BOM,Air India,AI2425,10/20/2026,10/20/2026 10:30,Economy,7468,5559,1510,399,45,9/5/2026 18:28
DEL,BOM,Air India,AI2945,10/20/2026,10/20/2026 11:00,Economy,7468,5559,1510,399,45,9/5/2026 18:28
DEL,BOM,Air India,AI1785,10/20/2026,10/20/2026 12:00,Economy,7644,5726,1519,399,45,9/5/2026 18:28
DEL,BOM,Air India,AI2951,10/20/2026,10/20/2026 13:30,Economy,7468,5559,1510,399,45,9/5/2026 18:28
DEL,BOM,Air India,AI2441,10/20/2026,10/20/2026 14:10,Economy,7468,5559,1510,399,45,9/5/2026 18:28
DEL,BOM,Air India,AI1780,10/20/2026,10/20/2026 14:30,Economy,7468,5559,1510,399,45,9/5/2026 18:28
DEL,BOM,Air India,AI2933,10/20/2026,10/20/2026 15:30,Economy,7468,5559,1510,399,45,9/5/2026 18:28
DEL,BOM,Air India,AI1777,10/20/2026,10/20/2026 16:00,Economy,7644,5726,1519,399,45,9/5/2026 18:28
DEL,BOM,Air India,AI441,10/20/2026,10/20/2026 17:00,Economy,7468,5559,1510,399,45,9/5/2026 18:28
DEL,BOM,Air India,AI9486,10/20/2026,10/20/2026 17:50,Economy,7636,5719,1518,399,45,9/5/2026 18:28
DEL,BOM,Air India,AI2977,10/20/2026,10/20/2026 19:00,Economy,8422,6467,1556,399,45,9/5/2026 18:28
DEL,BOM,Air India,AI2985,10/20/2026,10/20/2026 19:30,Economy,8108,6168,1541,399,45,9/5/2026 18:28
DEL,BOM,Air India,AI2957,10/20/2026,10/20/2026 20:30,Economy,7919,5988,1532,399,45,9/5/2026 18:28
DEL,BOM,Air India,AI2981,10/20/2026,10/20/2026 21:00,Economy,7919,5988,1532,399,45,9/5/2026 18:28
DEL,BOM,Air India,AI2433,10/20/2026,10/20/2026 21:30,Economy,8108,6168,1541,399,45,9/5/2026 18:28
DEL,BOM,Air India,AI2999,10/20/2026,10/20/2026 22:00,Economy,7919,5988,1532,399,45,9/5/2026 18:28
DEL,BOM,Air India,AI2439,10/20/2026,10/20/2026 23:00,Economy,7760,5837,1524,399,45,9/5/2026 18:28
DEL,BOM,Air India,AI9484,10/20/2026,10/20/2026 23:25,Economy,7636,5719,1518,399,45,9/5/2026 18:28
BLR,BOM,Air India,AI2858,10/20/2026,10/20/2026 2:20,Economy,7431,5481,1551,399,45,9/5/2026 18:31
BLR,BOM,Air India,AI2402,10/20/2026,10/20/2026 6:35,Economy,7431,5481,1551,399,45,9/5/2026 18:31
BLR,BOM,Air India,AI2846,10/20/2026,10/20/2026 8:20,Economy,8834,6817,1618,399,45,9/5/2026 18:31
BLR,BOM,Air India,AI2604,10/20/2026,10/20/2026 9:15,Economy,9185,7152,1634,399,45,9/5/2026 18:31
BLR,BOM,Air India,AI2852,10/20/2026,10/20/2026 10:30,Economy,9038,7012,1627,399,45,9/5/2026 18:31
BLR,BOM,Air India,AI2630,10/20/2026,10/20/2026 12:05,Economy,8696,6686,1611,399,45,9/5/2026 18:31
BLR,BOM,Air India,AI2854,10/20/2026,10/20/2026 18:05,Economy,8834,6817,1618,399,45,9/5/2026 18:31
BLR,BOM,Air India,AI2610,10/20/2026,10/20/2026 19:00,Economy,8903,6883,1621,399,45,9/5/2026 18:31
BLR,BOM,Air India,AI2850,10/20/2026,10/20/2026 20:30,Economy,8238,6250,1589,399,45,9/5/2026 18:31
BLR,BOM,Air India,AI2642,10/20/2026,10/20/2026 21:30,Economy,9185,7152,1634,399,45,9/5/2026 18:31
BLR,BOM,Air India,AI2840,10/20/2026,10/20/2026 22:30,Economy,8559,6555,1605,399,45,9/5/2026 18:31
BLR,BOM,Air India,AI2811,10/20/2026,10/20/2026 23:40,Economy,8366,6372,1595,399,45,9/5/2026 18:31
DEL,HYD,Air India,AI2577,10/20/2026,10/20/2026 2:00,Economy,17052,14523,2130,399,45,9/5/2026 18:36
DEL,HYD,Air India,AI1793,10/20/2026,10/20/2026 6:00,Economy,10015,7822,1794,399,45,9/5/2026 18:36
DEL,HYD,Air India,AI2560,10/20/2026,10/20/2026 7:00,Economy,9855,7669,1787,399,45,9/5/2026 18:36
DEL,HYD,Air India,AI2542,10/20/2026,10/20/2026 9:40,Economy,11474,9211,1864,399,45,9/5/2026 18:36
DEL,HYD,Air India,AI2859,10/20/2026,10/20/2026 10:30,Economy,11474,9211,1864,399,45,9/5/2026 18:36
DEL,HYD,Air India,AI2899,10/20/2026,10/20/2026 12:30,Economy,11474,9211,1864,399,45,9/5/2026 18:36
DEL,HYD,Air India,AI2465,10/20/2026,10/20/2026 14:30,Economy,10177,7976,1802,399,45,9/5/2026 18:36
DEL,HYD,Air India,AI2519,10/20/2026,10/20/2026 15:30,Economy,14600,12188,2013,399,45,9/5/2026 18:36
DEL,HYD,Air India,AI2879,10/20/2026,10/20/2026 18:00,Economy,17052,14523,2130,399,45,9/5/2026 18:36
DEL,HYD,Air India,AI1708,10/20/2026,10/20/2026 19:30,Economy,13647,11281,1967,399,45,9/5/2026 18:36
DEL,HYD,Air India,AI2871,10/20/2026,10/20/2026 20:30,Economy,12082,9790,1893,399,45,9/5/2026 18:36
DEL,HYD,Air India,AI2449,10/20/2026,10/20/2026 22:00,Economy,12082,9790,1893,399,45,9/5/2026 18:36
DEL,HYD,Air India,AI1706,10/20/2026,10/20/2026 23:00,Economy,11474,9211,1864,399,45,9/5/2026 18:36
DEL,BOM,Air India,AI2678,9/13/2026,9/13/2026 8:30,Economy,6979,5093,1487,399,7,9/5/2026 22:40
DEL,BOM,Air India,AI2963,9/13/2026,9/13/2026 9:00,Economy,6979,5093,1487,399,7,9/5/2026 22:40
DEL,BOM,Air India,AI1745,9/13/2026,9/13/2026 5:00,Economy,6979,5093,1487,399,7,9/5/2026 22:40
DEL,BOM,Air India,AI2975,9/13/2026,9/13/2026 6:30,Economy,6979,5093,1487,399,7,9/5/2026 22:40
DEL,BOM,Air India,AI2981,9/13/2026,9/13/2026 21:00,Economy,6979,5093,1487,399,7,9/5/2026 22:40
DEL,BOM,Air India,AI2941,9/13/2026,9/13/2026 16:30,Economy,7138,5244,1495,399,7,9/5/2026 22:40
DEL,BOM,Air India,AI2951,9/13/2026,9/13/2026 13:30,Economy,7609,5693,1517,399,7,9/5/2026 22:40
DEL,BOM,Air India,AI2429,9/13/2026,9/13/2026 7:00,Economy,6979,5093,1487,399,7,9/5/2026 22:40
DEL,BOM,Air India,AI2943,9/13/2026,9/13/2026 7:30,Economy,6979,5093,1487,399,7,9/5/2026 22:40
DEL,BOM,Air India,AI2995,9/13/2026,9/13/2026 10:00,Economy,6979,5093,1487,399,7,9/5/2026 22:40
DEL,BOM,Air India,AI2945,9/13/2026,9/13/2026 11:00,Economy,6979,5093,1487,399,7,9/5/2026 22:40
DEL,BOM,Air India,AI2439,9/13/2026,9/13/2026 23:00,Economy,6979,5093,1487,399,7,9/5/2026 22:40
DEL,BOM,Air India,AI1785,9/13/2026,9/13/2026 12:00,Economy,7138,5244,1495,399,7,9/5/2026 22:40
DEL,BOM,Air India,AI441,9/13/2026,9/13/2026 17:00,Economy,7138,5244,1495,399,7,9/5/2026 22:40
DEL,BOM,Air India,AI2955,9/13/2026,9/13/2026 18:00,Economy,7138,5244,1495,399,7,9/5/2026 22:40
DEL,BOM,Air India,AI2977,9/13/2026,9/13/2026 19:00,Economy,7138,5244,1495,399,7,9/5/2026 22:40
DEL,BOM,Air India,AI2985,9/13/2026,9/13/2026 19:30,Economy,7138,5244,1495,399,7,9/5/2026 22:40
DEL,BOM,Air India,AI2805,9/13/2026,9/13/2026 20:00,Economy,7138,5244,1495,399,7,9/5/2026 22:40
DEL,BOM,Air India,AI1777,9/13/2026,9/13/2026 16:00,Economy,7576,5662,1515,399,7,9/5/2026 22:40
DEL,BOM,Air India,AI2933,9/13/2026,9/13/2026 15:30,Economy,13636,11433,1804,399,7,9/5/2026 22:40
DEL,BOM,Air India,AI9484,9/13/2026,9/13/2026 23:25,Economy,6976,5090,1487,399,7,9/5/2026 22:40
DEL,BOM,Air India,AI2927,9/13/2026,9/13/2026 9:30,Economy,6979,5093,1487,399,7,9/5/2026 22:40
DEL,BOM,Air India,AI9486,9/13/2026,9/13/2026 5:35,Economy,6976,5090,1487,399,7,9/5/2026 22:40
DEL,BOM,Air India,AI2957,9/13/2026,9/13/2026 20:30,Economy,6979,5093,1487,399,7,9/5/2026 22:40
DEL,BOM,Air India,AI1780,9/13/2026,9/13/2026 16:10,Economy,7348,5444,1505,399,7,9/5/2026 22:40
BLR,DEL,Air India,AI2810,9/13/2026,9/13/2026 6:00,Economy,8814,6470,1945,399,7,9/5/2026 22:40
BLR,DEL,Air India,AI2818,9/13/2026,9/13/2026 20:00,Economy,9270,6904,1967,399,7,9/5/2026 22:40
BLR,DEL,Air India,AI428,9/13/2026,9/13/2026 15:30,Economy,9910,7514,1997,399,7,9/5/2026 22:40
BLR,DEL,Air India,AI2486,9/13/2026,9/13/2026 14:00,Economy,9988,7588,2001,399,7,9/5/2026 22:40
BLR,DEL,Air India,AI9400,9/13/2026,9/13/2026 14:40,Economy,11415,8947,2069,399,7,9/5/2026 22:40
BLR,DEL,Air India,AI2758,9/13/2026,9/13/2026 0:15,Economy,8664,6327,1938,399,7,9/5/2026 22:40
BLR,DEL,Air India,AI2414,9/13/2026,9/13/2026 5:30,Economy,8664,6327,1938,399,7,9/5/2026 22:40
BLR,DEL,Air India,AI2488,9/13/2026,9/13/2026 22:30,Economy,8814,6470,1945,399,7,9/5/2026 22:40
BLR,DEL,Air India,AI2418,9/13/2026,9/13/2026 16:30,Economy,9270,6904,1967,399,7,9/5/2026 22:40
BLR,DEL,Air India,AI2868,9/13/2026,9/13/2026 9:00,Economy,8814,6470,1945,399,7,9/5/2026 22:40
BLR,DEL,Air India,AI2406,9/13/2026,9/13/2026 11:00,Economy,9270,6904,1967,399,7,9/5/2026 22:40
BLR,DEL,Air India,AI2665,9/13/2026,9/13/2026 19:40,Economy,9270,6904,1967,399,7,9/5/2026 22:40
BLR,DEL,Air India,AI2654,9/13/2026,9/13/2026 7:00,Economy,9756,7367,1990,399,7,9/5/2026 22:40
BLR,DEL,Air India,AI2511,9/13/2026,9/13/2026 15:00,Economy,10142,7735,2008,399,7,9/5/2026 22:40
BLR,DEL,Air India,AI2820,9/13/2026,9/13/2026 17:25,Economy,9270,6904,1967,399,7,9/5/2026 22:40
BLR,BOM,Air India,AI2858,9/13/2026,9/13/2026 2:20,Economy,6517,4611,1507,399,7,9/5/2026 22:40
BLR,BOM,Air India,AI2411,9/13/2026,9/13/2026 8:20,Economy,7241,5300,1542,399,7,9/5/2026 22:40
BLR,BOM,Air India,AI2402,9/13/2026,9/13/2026 6:35,Economy,7267,5325,1543,399,7,9/5/2026 22:40
BLR,BOM,Air India,AI2604,9/13/2026,9/13/2026 9:15,Economy,7353,5407,1547,399,7,9/5/2026 22:40
BLR,BOM,Air India,AI2854,9/13/2026,9/13/2026 18:05,Economy,8089,6108,1582,399,7,9/5/2026 22:40
BLR,BOM,Air India,AI2630,9/13/2026,9/13/2026 12:05,Economy,9132,7101,1632,399,7,9/5/2026 22:40
BLR,BOM,Air India,AI2811,9/13/2026,9/13/2026 23:40,Economy,6953,5026,1528,399,7,9/5/2026 22:40
BLR,BOM,Air India,AI2642,9/13/2026,9/13/2026 21:30,Economy,7241,5300,1542,399,7,9/5/2026 22:40
DEL,HYD,Air India,AI1706,9/13/2026,9/13/2026 23:00,Economy,9698,7520,1779,399,7,9/5/2026 22:40
BLR,BOM,Air India,AI2852,9/13/2026,9/13/2026 10:30,Economy,7465,5513,1553,399,7,9/5/2026 22:40
DEL,HYD,Air India,AI2859,9/13/2026,9/13/2026 10:30,Economy,10096,7899,1798,399,7,9/5/2026 22:40
DEL,HYD,Air India,AI2542,9/13/2026,9/13/2026 9:40,Economy,10257,8052,1806,399,7,9/5/2026 22:40
BLR,BOM,Air India,AI2610,9/13/2026,9/13/2026 19:00,Economy,7520,5566,1555,399,7,9/5/2026 22:40
DEL,HYD,Air India,AI2879,9/13/2026,9/13/2026 18:00,Economy,10621,8399,1823,399,7,9/5/2026 22:40
BLR,BOM,Air India,AI2840,9/13/2026,9/13/2026 22:30,Economy,7682,5720,1563,399,7,9/5/2026 22:40
DEL,HYD,Air India,AI1708,9/13/2026,9/13/2026 19:30,Economy,11080,8836,1845,399,7,9/5/2026 22:40
BLR,BOM,Air India,AI2850,9/13/2026,9/13/2026 20:30,Economy,7353,5407,1547,399,7,9/5/2026 22:40
DEL,HYD,Air India,AI2465,9/13/2026,9/13/2026 14:30,Economy,10964,8725,1840,399,7,9/5/2026 22:40
DEL,HYD,Air India,AI2871,9/13/2026,9/13/2026 20:30,Economy,11172,8923,1850,399,7,9/5/2026 22:40
DEL,HYD,Air India,AI2899,9/13/2026,9/13/2026 12:30,Economy,11764,9487,1878,399,7,9/5/2026 22:40
DEL,HYD,Air India,AI2449,9/13/2026,9/13/2026 22:00,Economy,11474,9211,1864,399,7,9/5/2026 22:40
DEL,HYD,Air India,AI2577,9/13/2026,9/13/2026 2:00,Economy,9330,7169,1762,399,7,9/5/2026 22:40
DEL,HYD,Air India,AI1793,9/13/2026,9/13/2026 6:00,Economy,11667,9395,1873,399,7,9/5/2026 22:40
DEL,HYD,Air India,AI2519,9/13/2026,9/13/2026 15:30,Economy,11172,8923,1850,399,7,9/5/2026 22:40
BLR,DEL,Air India,AI2758,9/20/2026,9/20/2026 0:15,Economy,9891,7496,1996,399,15,9/5/2026 23:08
BLR,BOM,Air India,AI2858,9/20/2026,9/20/2026 2:20,Economy,5425,3571,1455,399,15,9/5/2026 23:08
DEL,BOM,Air India,AI1745,9/20/2026,9/20/2026 5:00,Economy,6979,5093,1487,399,15,9/5/2026 23:08
BLR,DEL,Air India,AI2414,9/20/2026,9/20/2026 5:30,Economy,8906,6558,1949,399,15,9/5/2026 23:08
DEL,BOM,Air India,AI9486,9/20/2026,9/20/2026 5:35,Economy,6976,5090,1487,399,15,9/5/2026 23:08
BLR,DEL,Air India,AI2810,9/20/2026,9/20/2026 6:00,Economy,9051,6696,1956,399,15,9/5/2026 23:08
DEL,BOM,Air India,AI2975,9/20/2026,9/20/2026 6:30,Economy,6979,5093,1487,399,15,9/5/2026 23:08
BLR,BOM,Air India,AI2402,9/20/2026,9/20/2026 6:35,Economy,7854,5884,1571,399,15,9/5/2026 23:08
DEL,BOM,Air India,AI2429,9/20/2026,9/20/2026 7:00,Economy,6979,5093,1487,399,15,9/5/2026 23:08
BLR,DEL,Air India,AI2654,9/20/2026,9/20/2026 7:00,Economy,10206,7796,2011,399,15,9/5/2026 23:08
DEL,BOM,Air India,AI2943,9/20/2026,9/20/2026 7:30,Economy,6979,5093,1487,399,15,9/5/2026 23:08
BLR,BOM,Air India,AI2411,9/20/2026,9/20/2026 8:20,Economy,7241,5300,1542,399,15,9/5/2026 23:08
DEL,BOM,Air India,AI2678,9/20/2026,9/20/2026 8:30,Economy,6979,5093,1487,399,15,9/5/2026 23:08
DEL,BOM,Air India,AI2963,9/20/2026,9/20/2026 9:00,Economy,6979,5093,1487,399,15,9/5/2026 23:08
BLR,DEL,Air India,AI2868,9/20/2026,9/20/2026 9:00,Economy,9051,6696,1956,399,15,9/5/2026 23:08
BLR,BOM,Air India,AI2604,9/20/2026,9/20/2026 9:15,Economy,8003,6026,1578,399,15,9/5/2026 23:08
DEL,BOM,Air India,AI2927,9/20/2026,9/20/2026 9:30,Economy,6979,5093,1487,399,15,9/5/2026 23:08
DEL,BOM,Air India,AI2995,9/20/2026,9/20/2026 10:00,Economy,6979,5093,1487,399,15,9/5/2026 23:08
BLR,DEL,Air India,AI2804,9/20/2026,9/20/2026 10:00,Economy,10036,7634,2003,399,15,9/5/2026 23:08
DEL,BOM,Air India,AI2425,9/20/2026,9/20/2026 10:30,Economy,6979,5093,1487,399,15,9/5/2026 23:08
BLR,BOM,Air India,AI2852,9/20/2026,9/20/2026 10:30,Economy,9205,7171,1635,399,15,9/5/2026 23:08
DEL,BOM,Air India,AI2945,9/20/2026,9/20/2026 11:00,Economy,7348,5444,1505,399,15,9/5/2026 23:08
BLR,DEL,Air India,AI2406,9/20/2026,9/20/2026 11:00,Economy,10316,7901,2016,399,15,9/5/2026 23:08
DEL,BOM,Air India,AI1785,9/20/2026,9/20/2026 12:00,Economy,7609,5693,1517,399,15,9/5/2026 23:08
BLR,BOM,Air India,AI2630,9/20/2026,9/20/2026 12:05,Economy,11158,9031,1728,399,15,9/5/2026 23:08
DEL,BOM,Air India,AI2951,9/20/2026,9/20/2026 13:30,Economy,9967,7939,1629,399,15,9/5/2026 23:08
BLR,DEL,Air India,AI2486,9/20/2026,9/20/2026 14:00,Economy,10832,8392,2041,399,15,9/5/2026 23:08
BLR,DEL,Air India,AI9400,9/20/2026,9/20/2026 14:40,Economy,9916,7520,1997,399,15,9/5/2026 23:08
BLR,DEL,Air India,AI2511,9/20/2026,9/20/2026 15:00,Economy,11003,8555,2049,399,15,9/5/2026 23:08
DEL,BOM,Air India,AI2933,9/20/2026,9/20/2026 15:30,Economy,10630,8570,1661,399,15,9/5/2026 23:08
BLR,DEL,Air India,AI428,9/20/2026,9/20/2026 15:30,Economy,10746,8310,2037,399,15,9/5/2026 23:08
DEL,BOM,Air India,AI1777,9/20/2026,9/20/2026 16:00,Economy,7576,5662,1515,399,15,9/5/2026 23:08
DEL,BOM,Air India,AI1780,9/20/2026,9/20/2026 16:10,Economy,7138,5244,1495,399,15,9/5/2026 23:08
DEL,BOM,Air India,AI2941,9/20/2026,9/20/2026 16:30,Economy,7609,5693,1517,399,15,9/5/2026 23:08
BLR,DEL,Air India,AI2418,9/20/2026,9/20/2026 16:30,Economy,10438,8017,2022,399,15,9/5/2026 23:08
DEL,BOM,Air India,AI441,9/20/2026,9/20/2026 17:00,Economy,7348,5444,1505,399,15,9/5/2026 23:08
BLR,DEL,Air India,AI2820,9/20/2026,9/20/2026 17:25,Economy,10438,8017,2022,399,15,9/5/2026 23:08
DEL,BOM,Air India,AI2955,9/20/2026,9/20/2026 18:00,Economy,8028,6092,1537,399,15,9/5/2026 23:08
BLR,BOM,Air India,AI2854,9/20/2026,9/20/2026 18:05,Economy,9115,7085,1631,399,15,9/5/2026 23:08
BLR,DEL,Air India,AI2802,9/20/2026,9/20/2026 18:20,Economy,10278,7864,2015,399,15,9/5/2026 23:08
DEL,BOM,Air India,AI2977,9/20/2026,9/20/2026 19:00,Economy,7748,5825,1524,399,15,9/5/2026 23:08
BLR,BOM,Air India,AI2610,9/20/2026,9/20/2026 19:00,Economy,8189,6203,1587,399,15,9/5/2026 23:08
DEL,BOM,Air India,AI2985,9/20/2026,9/20/2026 19:30,Economy,7348,5444,1505,399,15,9/5/2026 23:08
BLR,DEL,Air India,AI2665,9/20/2026,9/20/2026 19:40,Economy,9518,7141,1978,399,15,9/5/2026 23:08
DEL,BOM,Air India,AI2805,9/20/2026,9/20/2026 20:00,Economy,7609,5693,1517,399,15,9/5/2026 23:08
BLR,DEL,Air India,AI2818,9/20/2026,9/20/2026 20:00,Economy,10198,7788,2011,399,15,9/5/2026 23:08
DEL,BOM,Air India,AI2957,9/20/2026,9/20/2026 20:30,Economy,7348,5444,1505,399,15,9/5/2026 23:08
BLR,BOM,Air India,AI2850,9/20/2026,9/20/2026 20:30,Economy,7663,5702,1562,399,15,9/5/2026 23:08
DEL,BOM,Air India,AI2981,9/20/2026,9/20/2026 21:00,Economy,8113,6173,1541,399,15,9/5/2026 23:08
BLR,BOM,Air India,AI2642,9/20/2026,9/20/2026 21:30,Economy,8082,6101,1582,399,15,9/5/2026 23:08
BLR,DEL,Air India,AI2488,9/20/2026,9/20/2026 22:30,Economy,8711,6372,1940,399,15,9/5/2026 23:08
BLR,BOM,Air India,AI2840,9/20/2026,9/20/2026 22:30,Economy,7682,5720,1563,399,15,9/5/2026 23:08
DEL,BOM,Air India,AI2439,9/20/2026,9/20/2026 23:00,Economy,10217,8177,1641,399,15,9/5/2026 23:08
DEL,BOM,Air India,AI9484,9/20/2026,9/20/2026 23:25,Economy,7077,5186,1492,399,15,9/5/2026 23:08
BLR,BOM,Air India,AI2811,9/20/2026,9/20/2026 23:40,Economy,6870,4947,1524,399,15,9/5/2026 23:08
DEL,HYD,Air India,AI2577,9/20/2026,9/20/2026 2:00,Economy,9330,7169,1762,399,15,9/5/2026 23:21
DEL,HYD,Air India,AI1793,9/20/2026,9/20/2026 6:00,Economy,10366,8156,1811,399,15,9/5/2026 23:21
DEL,HYD,Air India,AI2542,9/20/2026,9/20/2026 9:40,Economy,11353,9096,1858,399,15,9/5/2026 23:21
DEL,HYD,Air India,AI2859,9/20/2026,9/20/2026 10:30,Economy,11172,8923,1850,399,15,9/5/2026 23:21
DEL,HYD,Air India,AI2899,9/20/2026,9/20/2026 12:30,Economy,11764,9487,1878,399,15,9/5/2026 23:21
DEL,HYD,Air India,AI2465,9/20/2026,9/20/2026 14:30,Economy,12801,10475,1927,399,15,9/5/2026 23:21
DEL,HYD,Air India,AI2519,9/20/2026,9/20/2026 15:30,Economy,12391,10084,1908,399,15,9/5/2026 23:21
DEL,HYD,Air India,AI2879,9/20/2026,9/20/2026 18:00,Economy,12391,10084,1908,399,15,9/5/2026 23:21
DEL,HYD,Air India,AI1708,9/20/2026,9/20/2026 19:30,Economy,11667,9395,1873,399,15,9/5/2026 23:21
DEL,HYD,Air India,AI2871,9/20/2026,9/20/2026 20:30,Economy,11172,8923,1850,399,15,9/5/2026 23:21
DEL,HYD,Air India,AI2449,9/20/2026,9/20/2026 22:00,Economy,10698,8472,1827,399,15,9/5/2026 23:21
DEL,HYD,Air India,AI1706,9/20/2026,9/20/2026 23:00,Economy,9698,7520,1779,399,15,9/5/2026 23:21
DEL,HYD,Air India,AI2519,10/6/2026,10/6/2026 15:30,Economy,9855,7669,1787,399,30,9/5/2026 1:48
BLR,BOM,Air India,AI2858,10/6/2026,10/6/2026 2:20,Economy,7061,5129,1533,399,30,9/5/2026 1:48
BLR,BOM,Air India,AI2402,10/6/2026,10/6/2026 6:35,Economy,7061,5129,1533,399,30,9/5/2026 1:48
BLR,BOM,Air India,AI2604,10/6/2026,10/6/2026 9:15,Economy,7546,5591,1556,399,30,9/5/2026 1:48
BLR,BOM,Air India,AI2630,10/6/2026,10/6/2026 12:05,Economy,7546,5591,1556,399,30,9/5/2026 1:48
BLR,BOM,Air India,AI2846,10/6/2026,10/6/2026 8:20,Economy,7661,5700,1562,399,30,9/5/2026 1:48
BLR,BOM,Air India,AI2854,10/6/2026,10/6/2026 18:05,Economy,7661,5700,1562,399,30,9/5/2026 1:48
BLR,BOM,Air India,AI2811,10/6/2026,10/6/2026 23:40,Economy,7061,5129,1533,399,30,9/5/2026 1:48
BLR,BOM,Air India,AI2852,10/6/2026,10/6/2026 10:30,Economy,7431,5481,1551,399,30,9/5/2026 1:48
BLR,BOM,Air India,AI2840,10/6/2026,10/6/2026 22:30,Economy,7431,5481,1551,399,30,9/5/2026 1:48
BLR,BOM,Air India,AI2642,10/6/2026,10/6/2026 21:30,Economy,7546,5591,1556,399,30,9/5/2026 1:48
BLR,BOM,Air India,AI2610,10/6/2026,10/6/2026 19:00,Economy,7719,5755,1565,399,30,9/5/2026 1:48
BLR,BOM,Air India,AI2850,10/6/2026,10/6/2026 20:30,Economy,7546,5591,1556,399,30,9/5/2026 1:48
BLR,DEL,Air India,AI2810,10/6/2026,10/6/2026 6:00,Economy,8582,6249,1934,399,30,9/5/2026 1:48
BLR,DEL,Air India,AI2486,10/6/2026,10/6/2026 14:00,Economy,8582,6249,1934,399,30,9/5/2026 1:48
BLR,DEL,Air India,AI428,10/6/2026,10/6/2026 14:30,Economy,8582,6249,1934,399,30,9/5/2026 1:48
BLR,DEL,Air India,AI2818,10/6/2026,10/6/2026 20:00,Economy,11204,8746,2059,399,30,9/5/2026 1:48
BLR,DEL,Air India,AI9772,10/6/2026,10/6/2026 6:40,Economy,10638,8207,2032,399,30,9/5/2026 1:48
BLR,DEL,Air India,AI2802,10/6/2026,10/6/2026 18:20,Economy,8582,6249,1934,399,30,9/5/2026 1:48
BLR,DEL,Air India,AI9400,10/6/2026,10/6/2026 17:35,Economy,10638,8207,2032,399,30,9/5/2026 1:48
BLR,DEL,Air India,AI2758,10/6/2026,10/6/2026 0:15,Economy,8436,6110,1927,399,30,9/5/2026 1:48
BLR,DEL,Air India,AI2414,10/6/2026,10/6/2026 5:30,Economy,8436,6110,1927,399,30,9/5/2026 1:48
BLR,DEL,Air India,AI2418,10/6/2026,10/6/2026 16:30,Economy,8582,6249,1934,399,30,9/5/2026 1:48
BLR,DEL,Air India,AI2814,10/6/2026,10/6/2026 22:00,Economy,8582,6249,1934,399,30,9/5/2026 1:48
BLR,DEL,Air India,AI2488,10/6/2026,10/6/2026 22:30,Economy,8582,6249,1934,399,30,9/5/2026 1:48
BLR,DEL,Air India,AI9430,10/6/2026,10/6/2026 1:15,Economy,10638,8207,2032,399,30,9/5/2026 1:48
BLR,DEL,Air India,AI2406,10/6/2026,10/6/2026 11:00,Economy,8582,6249,1934,399,30,9/5/2026 1:48
BLR,DEL,Air India,AI2511,10/6/2026,10/6/2026 15:00,Economy,8582,6249,1934,399,30,9/5/2026 1:48
BLR,DEL,Air India,AI2820,10/6/2026,10/6/2026 17:25,Economy,8582,6249,1934,399,30,9/5/2026 1:48
BLR,DEL,Air India,AI2665,10/6/2026,10/6/2026 19:40,Economy,8667,6330,1938,399,30,9/5/2026 1:48
BLR,DEL,Air India,AI2868,10/6/2026,10/6/2026 9:00,Economy,8714,6375,1940,399,30,9/5/2026 1:48
BLR,DEL,Air India,AI2654,10/6/2026,10/6/2026 7:00,Economy,10393,7974,2020,399,30,9/5/2026 1:48
DEL,BOM,Air India,AI2678,10/6/2026,10/6/2026 8:30,Economy,6979,5093,1487,399,30,9/5/2026 1:48
DEL,BOM,Air India,AI2963,10/6/2026,10/6/2026 9:00,Economy,6979,5093,1487,399,30,9/5/2026 1:48
DEL,BOM,Air India,AI2425,10/6/2026,10/6/2026 10:30,Economy,6979,5093,1487,399,30,9/5/2026 1:48
DEL,BOM,Air India,AI2951,10/6/2026,10/6/2026 13:30,Economy,6979,5093,1487,399,30,9/5/2026 1:48
DEL,BOM,Air India,AI2975,10/6/2026,10/6/2026 6:30,Economy,7138,5244,1495,399,30,9/5/2026 1:48
DEL,BOM,Air India,AI2981,10/6/2026,10/6/2026 21:00,Economy,7348,5444,1505,399,30,9/5/2026 1:48
DEL,BOM,Air India,AI9486,10/6/2026,10/6/2026 17:50,Economy,6923,5040,1484,399,30,9/5/2026 1:48
DEL,BOM,Air India,AI1745,10/6/2026,10/6/2026 5:00,Economy,6979,5093,1487,399,30,9/5/2026 1:48
DEL,BOM,Air India,AI2995,10/6/2026,10/6/2026 10:00,Economy,6979,5093,1487,399,30,9/5/2026 1:48
DEL,BOM,Air India,AI2945,10/6/2026,10/6/2026 11:00,Economy,6979,5093,1487,399,30,9/5/2026 1:48
DEL,BOM,Air India,AI2441,10/6/2026,10/6/2026 14:10,Economy,6979,5093,1487,399,30,9/5/2026 1:48
DEL,BOM,Air India,AI2933,10/6/2026,10/6/2026 15:30,Economy,6979,5093,1487,399,30,9/5/2026 1:48
DEL,BOM,Air India,AI441,10/6/2026,10/6/2026 17:00,Economy,6979,5093,1487,399,30,9/5/2026 1:48
DEL,BOM,Air India,AI1785,10/6/2026,10/6/2026 12:00,Economy,7140,5246,1495,399,30,9/5/2026 1:48
DEL,HYD,Air India,AI2465,10/6/2026,10/6/2026 14:30,Economy,10177,7976,1802,399,30,9/5/2026 1:48
DEL,HYD,Air India,AI2899,10/6/2026,10/6/2026 12:30,Economy,9855,7669,1787,399,30,9/5/2026 1:48
DEL,BOM,Air India,AI1777,10/6/2026,10/6/2026 16:00,Economy,7140,5246,1495,399,30,9/5/2026 1:48
DEL,HYD,Air India,AI1706,10/6/2026,10/6/2026 23:00,Economy,9698,7520,1779,399,30,9/5/2026 1:48
DEL,BOM,Air India,AI2439,10/6/2026,10/6/2026 23:00,Economy,7247,5348,1500,399,30,9/5/2026 1:48
DEL,HYD,Air India,AI2560,10/6/2026,10/6/2026 7:00,Economy,9855,7669,1787,399,30,9/5/2026 1:48
DEL,BOM,Air India,AI2985,10/6/2026,10/6/2026 19:30,Economy,7302,5401,1502,399,30,9/5/2026 1:48
DEL,BOM,Air India,AI2429,10/6/2026,10/6/2026 7:00,Economy,7348,5444,1505,399,30,9/5/2026 1:48
DEL,HYD,Air India,AI2542,10/6/2026,10/6/2026 9:40,Economy,9855,7669,1787,399,30,9/5/2026 1:48
DEL,BOM,Air India,AI2943,10/6/2026,10/6/2026 7:30,Economy,7348,5444,1505,399,30,9/5/2026 1:48
DEL,HYD,Air India,AI2859,10/6/2026,10/6/2026 10:30,Economy,9855,7669,1787,399,30,9/5/2026 1:48
DEL,HYD,Air India,AI2871,10/6/2026,10/6/2026 20:30,Economy,9855,7669,1787,399,30,9/5/2026 1:48
DEL,BOM,Air India,AI2433,10/6/2026,10/6/2026 21:30,Economy,7348,5444,1505,399,30,9/5/2026 1:48
DEL,HYD,Air India,AI1793,10/6/2026,10/6/2026 6:00,Economy,9856,7670,1787,399,30,9/5/2026 1:48
DEL,BOM,Air India,AI2999,10/6/2026,10/6/2026 22:00,Economy,7348,5444,1505,399,30,9/5/2026 1:48
DEL,BOM,Air India,AI2977,10/6/2026,10/6/2026 19:00,Economy,8033,6097,1537,399,30,9/5/2026 1:48
DEL,HYD,Air India,AI1708,10/6/2026,10/6/2026 19:30,Economy,10015,7822,1794,399,30,9/5/2026 1:48
DEL,HYD,Air India,AI2577,10/6/2026,10/6/2026 2:00,Economy,10198,7996,1803,399,30,9/5/2026 1:48
DEL,BOM,Air India,AI9484,10/6/2026,10/6/2026 23:25,Economy,6923,5040,1484,399,30,9/5/2026 1:48
DEL,BOM,Air India,AI2927,10/6/2026,10/6/2026 9:30,Economy,6979,5093,1487,399,30,9/5/2026 1:48
DEL,HYD,Air India,AI2449,10/6/2026,10/6/2026 22:00,Economy,10198,7996,1803,399,30,9/5/2026 1:48
DEL,HYD,Air India,AI2879,10/6/2026,10/6/2026 18:00,Economy,10364,8154,1811,399,30,9/5/2026 1:48
DEL,BOM,Air India,AI2957,10/6/2026,10/6/2026 20:30,Economy,7138,5244,1495,399,30,9/5/2026 1:48
DEL,BOM,Air India,AI1780,10/6/2026,10/6/2026 14:30,Economy,6979,5093,1487,399,30,9/5/2026 1:48
BLR,DEL,Air India,AI2758,10/20/2026,10/20/2026 0:15,Economy,10054,7651,2004,399,45,9/5/2026 22:31
BLR,DEL,Air India,AI2758,10/20/2026,10/20/2026 0:15,Economy,10054,7651,2004,399,45,9/5/2026 22:31
BLR,DEL,Air India,AI9430,10/20/2026,10/20/2026 1:15,Economy,16103,13412,2292,399,45,9/5/2026 22:31
BLR,DEL,Air India,AI9430,10/20/2026,10/20/2026 1:15,Economy,16103,13412,2292,399,45,9/5/2026 22:31
DEL,HYD,Air India,AI2577,10/20/2026,10/20/2026 2:00,Economy,17052,14523,2130,399,45,9/5/2026 22:31
DEL,HYD,Air India,AI2577,10/20/2026,10/20/2026 2:00,Economy,17052,14523,2130,399,45,9/5/2026 22:31
BLR,BOM,Air India,AI2858,10/20/2026,10/20/2026 2:20,Economy,7431,5481,1551,399,45,9/5/2026 22:31
BLR,BOM,Air India,AI2858,10/20/2026,10/20/2026 2:20,Economy,7431,5481,1551,399,45,9/5/2026 22:31
BLR,DEL,Air India,AI2414,10/20/2026,10/20/2026 5:30,Economy,10054,7651,2004,399,45,9/5/2026 22:31
BLR,DEL,Air India,AI2414,10/20/2026,10/20/2026 5:30,Economy,10054,7651,2004,399,45,9/5/2026 22:31
BLR,DEL,Air India,AI2810,10/20/2026,10/20/2026 6:00,Economy,10054,7651,2004,399,45,9/5/2026 22:31
DEL,HYD,Air India,AI1793,10/20/2026,10/20/2026 6:00,Economy,10015,7822,1794,399,45,9/5/2026 22:31
BLR,DEL,Air India,AI2810,10/20/2026,10/20/2026 6:00,Economy,10054,7651,2004,399,45,9/5/2026 22:31
DEL,HYD,Air India,AI1793,10/20/2026,10/20/2026 6:00,Economy,10015,7822,1794,399,45,9/5/2026 22:31
BLR,BOM,Air India,AI2402,10/20/2026,10/20/2026 6:35,Economy,7431,5481,1551,399,45,9/5/2026 22:31
BLR,BOM,Air India,AI2402,10/20/2026,10/20/2026 6:35,Economy,7431,5481,1551,399,45,9/5/2026 22:31
BLR,DEL,Air India,AI9772,10/20/2026,10/20/2026 6:40,Economy,14939,12303,2237,399,45,9/5/2026 22:31
BLR,DEL,Air India,AI9772,10/20/2026,10/20/2026 6:40,Economy,14939,12303,2237,399,45,9/5/2026 22:31
BLR,DEL,Air India,AI2654,10/20/2026,10/20/2026 7:00,Economy,10054,7651,2004,399,45,9/5/2026 22:31
DEL,HYD,Air India,AI2560,10/20/2026,10/20/2026 7:00,Economy,9855,7669,1787,399,45,9/5/2026 22:31
BLR,DEL,Air India,AI2654,10/20/2026,10/20/2026 7:00,Economy,10054,7651,2004,399,45,9/5/2026 22:31
DEL,HYD,Air India,AI2560,10/20/2026,10/20/2026 7:00,Economy,9855,7669,1787,399,45,9/5/2026 22:31
BLR,BOM,Air India,AI2846,10/20/2026,10/20/2026 8:20,Economy,8834,6817,1618,399,45,9/5/2026 22:31
BLR,BOM,Air India,AI2846,10/20/2026,10/20/2026 8:20,Economy,8834,6817,1618,399,45,9/5/2026 22:31
BLR,DEL,Air India,AI2868,10/20/2026,10/20/2026 9:00,Economy,10215,7804,2012,399,45,9/5/2026 22:31
BLR,DEL,Air India,AI2868,10/20/2026,10/20/2026 9:00,Economy,10215,7804,2012,399,45,9/5/2026 22:31
BLR,BOM,Air India,AI2604,10/20/2026,10/20/2026 9:15,Economy,9185,7152,1634,399,45,9/5/2026 22:31
BLR,BOM,Air India,AI2604,10/20/2026,10/20/2026 9:15,Economy,9185,7152,1634,399,45,9/5/2026 22:31
DEL,HYD,Air India,AI2542,10/20/2026,10/20/2026 9:40,Economy,11474,9211,1864,399,45,9/5/2026 22:31
DEL,HYD,Air India,AI2542,10/20/2026,10/20/2026 9:40,Economy,11474,9211,1864,399,45,9/5/2026 22:31
BLR,DEL,Air India,AI2804,10/20/2026,10/20/2026 10:00,Economy,10054,7651,2004,399,45,9/5/2026 22:31
BLR,DEL,Air India,AI2804,10/20/2026,10/20/2026 10:00,Economy,10054,7651,2004,399,45,9/5/2026 22:31
BLR,BOM,Air India,AI2852,10/20/2026,10/20/2026 10:30,Economy,9038,7012,1627,399,45,9/5/2026 22:31
DEL,HYD,Air India,AI2859,10/20/2026,10/20/2026 10:30,Economy,11474,9211,1864,399,45,9/5/2026 22:31
BLR,BOM,Air India,AI2852,10/20/2026,10/20/2026 10:30,Economy,9038,7012,1627,399,45,9/5/2026 22:31
DEL,HYD,Air India,AI2859,10/20/2026,10/20/2026 10:30,Economy,11474,9211,1864,399,45,9/5/2026 22:31
BLR,DEL,Air India,AI2406,10/20/2026,10/20/2026 11:00,Economy,11185,8728,2058,399,45,9/5/2026 22:31
BLR,DEL,Air India,AI2406,10/20/2026,10/20/2026 11:00,Economy,11185,8728,2058,399,45,9/5/2026 22:31
BLR,BOM,Air India,AI2630,10/20/2026,10/20/2026 12:05,Economy,8696,6686,1611,399,45,9/5/2026 22:31
BLR,BOM,Air India,AI2630,10/20/2026,10/20/2026 12:05,Economy,8696,6686,1611,399,45,9/5/2026 22:31
DEL,HYD,Air India,AI2899,10/20/2026,10/20/2026 12:30,Economy,11474,9211,1864,399,45,9/5/2026 22:31
DEL,HYD,Air India,AI2899,10/20/2026,10/20/2026 12:30,Economy,11474,9211,1864,399,45,9/5/2026 22:31
BLR,DEL,Air India,AI2486,10/20/2026,10/20/2026 14:00,Economy,10054,7651,2004,399,45,9/5/2026 22:31
BLR,DEL,Air India,AI2486,10/20/2026,10/20/2026 14:00,Economy,10054,7651,2004,399,45,9/5/2026 22:31
BLR,DEL,Air India,AI428,10/20/2026,10/20/2026 14:30,Economy,10054,7651,2004,399,45,9/5/2026 22:31
DEL,HYD,Air India,AI2465,10/20/2026,10/20/2026 14:30,Economy,10177,7976,1802,399,45,9/5/2026 22:31
BLR,DEL,Air India,AI428,10/20/2026,10/20/2026 14:30,Economy,10054,7651,2004,399,45,9/5/2026 22:31
DEL,HYD,Air India,AI2465,10/20/2026,10/20/2026 14:30,Economy,10177,7976,1802,399,45,9/5/2026 22:31
BLR,DEL,Air India,AI2511,10/20/2026,10/20/2026 15:00,Economy,10054,7651,2004,399,45,9/5/2026 22:31
BLR,DEL,Air India,AI2511,10/20/2026,10/20/2026 15:00,Economy,10054,7651,2004,399,45,9/5/2026 22:31
DEL,HYD,Air India,AI2519,10/20/2026,10/20/2026 15:30,Economy,14600,12188,2013,399,45,9/5/2026 22:31
DEL,HYD,Air India,AI2519,10/20/2026,10/20/2026 15:30,Economy,14600,12188,2013,399,45,9/5/2026 22:31
BLR,DEL,Air India,AI2418,10/20/2026,10/20/2026 16:30,Economy,10054,7651,2004,399,45,9/5/2026 22:31
BLR,DEL,Air India,AI2418,10/20/2026,10/20/2026 16:30,Economy,10054,7651,2004,399,45,9/5/2026 22:31
BLR,DEL,Air India,AI2820,10/20/2026,10/20/2026 17:25,Economy,10054,7651,2004,399,45,9/5/2026 22:31
BLR,DEL,Air India,AI2820,10/20/2026,10/20/2026 17:25,Economy,10054,7651,2004,399,45,9/5/2026 22:31
BLR,DEL,Air India,AI9400,10/20/2026,10/20/2026 17:35,Economy,16103,13412,2292,399,45,9/5/2026 22:31
BLR,DEL,Air India,AI9400,10/20/2026,10/20/2026 17:35,Economy,16103,13412,2292,399,45,9/5/2026 22:31
DEL,HYD,Air India,AI2879,10/20/2026,10/20/2026 18:00,Economy,17052,14523,2130,399,45,9/5/2026 22:31
DEL,HYD,Air India,AI2879,10/20/2026,10/20/2026 18:00,Economy,17052,14523,2130,399,45,9/5/2026 22:31
BLR,BOM,Air India,AI2854,10/20/2026,10/20/2026 18:05,Economy,8834,6817,1618,399,45,9/5/2026 22:31
BLR,BOM,Air India,AI2854,10/20/2026,10/20/2026 18:05,Economy,8834,6817,1618,399,45,9/5/2026 22:31
BLR,DEL,Air India,AI2802,10/20/2026,10/20/2026 18:20,Economy,10054,7651,2004,399,45,9/5/2026 22:31
BLR,DEL,Air India,AI2802,10/20/2026,10/20/2026 18:20,Economy,10054,7651,2004,399,45,9/5/2026 22:31
BLR,BOM,Air India,AI2610,10/20/2026,10/20/2026 19:00,Economy,8903,6883,1621,399,45,9/5/2026 22:31
BLR,BOM,Air India,AI2610,10/20/2026,10/20/2026 19:00,Economy,8903,6883,1621,399,45,9/5/2026 22:31
DEL,HYD,Air India,AI1708,10/20/2026,10/20/2026 19:30,Economy,13647,11281,1967,399,45,9/5/2026 22:31
DEL,HYD,Air India,AI1708,10/20/2026,10/20/2026 19:30,Economy,13647,11281,1967,399,45,9/5/2026 22:31
BLR,DEL,Air India,AI2665,10/20/2026,10/20/2026 19:40,Economy,10054,7651,2004,399,45,9/5/2026 22:31
BLR,DEL,Air India,AI2665,10/20/2026,10/20/2026 19:40,Economy,10054,7651,2004,399,45,9/5/2026 22:31
BLR,DEL,Air India,AI2818,10/20/2026,10/20/2026 20:00,Economy,10523,8098,2026,399,45,9/5/2026 22:31
BLR,DEL,Air India,AI2818,10/20/2026,10/20/2026 20:00,Economy,10523,8098,2026,399,45,9/5/2026 22:31
BLR,BOM,Air India,AI2850,10/20/2026,10/20/2026 20:30,Economy,8238,6250,1589,399,45,9/5/2026 22:31
DEL,HYD,Air India,AI2871,10/20/2026,10/20/2026 20:30,Economy,12082,9790,1893,399,45,9/5/2026 22:31
BLR,BOM,Air India,AI2850,10/20/2026,10/20/2026 20:30,Economy,8238,6250,1589,399,45,9/5/2026 22:31
DEL,HYD,Air India,AI2871,10/20/2026,10/20/2026 20:30,Economy,12082,9790,1893,399,45,9/5/2026 22:31
BLR,BOM,Air India,AI2642,10/20/2026,10/20/2026 21:30,Economy,9185,7152,1634,399,45,9/5/2026 22:31
BLR,BOM,Air India,AI2642,10/20/2026,10/20/2026 21:30,Economy,9185,7152,1634,399,45,9/5/2026 22:31
BLR,DEL,Air India,AI2814,10/20/2026,10/20/2026 22:00,Economy,10054,7651,2004,399,45,9/5/2026 22:31
DEL,HYD,Air India,AI2449,10/20/2026,10/20/2026 22:00,Economy,12082,9790,1893,399,45,9/5/2026 22:31
BLR,DEL,Air India,AI2814,10/20/2026,10/20/2026 22:00,Economy,10054,7651,2004,399,45,9/5/2026 22:31
DEL,HYD,Air India,AI2449,10/20/2026,10/20/2026 22:00,Economy,12082,9790,1893,399,45,9/5/2026 22:31
BLR,BOM,Air India,AI2840,10/20/2026,10/20/2026 22:30,Economy,8559,6555,1605,399,45,9/5/2026 22:31
BLR,DEL,Air India,AI2488,10/20/2026,10/20/2026 22:30,Economy,10054,7651,2004,399,45,9/5/2026 22:31
BLR,BOM,Air India,AI2840,10/20/2026,10/20/2026 22:30,Economy,8559,6555,1605,399,45,9/5/2026 22:31
BLR,DEL,Air India,AI2488,10/20/2026,10/20/2026 22:30,Economy,10054,7651,2004,399,45,9/5/2026 22:31
DEL,HYD,Air India,AI1706,10/20/2026,10/20/2026 23:00,Economy,11474,9211,1864,399,45,9/5/2026 22:31
DEL,HYD,Air India,AI1706,10/20/2026,10/20/2026 23:00,Economy,11474,9211,1864,399,45,9/5/2026 22:31
BLR,BOM,Air India,AI2811,10/20/2026,10/20/2026 23:40,Economy,8366,6372,1595,399,45,9/5/2026 22:31
BLR,BOM,Air India,AI2811,10/20/2026,10/20/2026 23:40,Economy,8366,6372,1595,399,45,9/5/2026 22:31
DEL,BOM,Air India,AI1745,10/20/2026,10/20/2026 5:00,Economy,7468,5559,1510,399,45,9/5/2026 22:42
DEL,BOM,Air India,AI1745,10/20/2026,10/20/2026 5:00,Economy,7468,5559,1510,399,45,9/5/2026 22:42
DEL,BOM,Air India,AI2975,10/20/2026,10/20/2026 6:30,Economy,7468,5559,1510,399,45,9/5/2026 22:42
DEL,BOM,Air India,AI2975,10/20/2026,10/20/2026 6:30,Economy,7468,5559,1510,399,45,9/5/2026 22:42
DEL,BOM,Air India,AI2429,10/20/2026,10/20/2026 7:00,Economy,7919,5988,1532,399,45,9/5/2026 22:42
DEL,BOM,Air India,AI2429,10/20/2026,10/20/2026 7:00,Economy,7919,5988,1532,399,45,9/5/2026 22:42
DEL,BOM,Air India,AI2943,10/20/2026,10/20/2026 7:30,Economy,7644,5726,1519,399,45,9/5/2026 22:42
DEL,BOM,Air India,AI2943,10/20/2026,10/20/2026 7:30,Economy,7644,5726,1519,399,45,9/5/2026 22:42
DEL,BOM,Air India,AI2678,10/20/2026,10/20/2026 8:30,Economy,7468,5559,1510,399,45,9/5/2026 22:42
DEL,BOM,Air India,AI2678,10/20/2026,10/20/2026 8:30,Economy,7468,5559,1510,399,45,9/5/2026 22:42
DEL,BOM,Air India,AI2963,10/20/2026,10/20/2026 9:00,Economy,7468,5559,1510,399,45,9/5/2026 22:42
DEL,BOM,Air India,AI2963,10/20/2026,10/20/2026 9:00,Economy,7468,5559,1510,399,45,9/5/2026 22:42
DEL,BOM,Air India,AI2927,10/20/2026,10/20/2026 9:30,Economy,7468,5559,1510,399,45,9/5/2026 22:42
DEL,BOM,Air India,AI2927,10/20/2026,10/20/2026 9:30,Economy,7468,5559,1510,399,45,9/5/2026 22:42
DEL,BOM,Air India,AI2995,10/20/2026,10/20/2026 10:00,Economy,7468,5559,1510,399,45,9/5/2026 22:42
DEL,BOM,Air India,AI2995,10/20/2026,10/20/2026 10:00,Economy,7468,5559,1510,399,45,9/5/2026 22:42
DEL,BOM,Air India,AI2425,10/20/2026,10/20/2026 10:30,Economy,7468,5559,1510,399,45,9/5/2026 22:42
DEL,BOM,Air India,AI2425,10/20/2026,10/20/2026 10:30,Economy,7468,5559,1510,399,45,9/5/2026 22:42
DEL,BOM,Air India,AI2945,10/20/2026,10/20/2026 11:00,Economy,7468,5559,1510,399,45,9/5/2026 22:42
DEL,BOM,Air India,AI2945,10/20/2026,10/20/2026 11:00,Economy,7468,5559,1510,399,45,9/5/2026 22:42
DEL,BOM,Air India,AI1785,10/20/2026,10/20/2026 12:00,Economy,7644,5726,1519,399,45,9/5/2026 22:42
DEL,BOM,Air India,AI1785,10/20/2026,10/20/2026 12:00,Economy,7644,5726,1519,399,45,9/5/2026 22:42
DEL,BOM,Air India,AI2951,10/20/2026,10/20/2026 13:30,Economy,7468,5559,1510,399,45,9/5/2026 22:42
DEL,BOM,Air India,AI2951,10/20/2026,10/20/2026 13:30,Economy,7468,5559,1510,399,45,9/5/2026 22:42
DEL,BOM,Air India,AI2441,10/20/2026,10/20/2026 14:10,Economy,7468,5559,1510,399,45,9/5/2026 22:42
DEL,BOM,Air India,AI2441,10/20/2026,10/20/2026 14:10,Economy,7468,5559,1510,399,45,9/5/2026 22:42
DEL,BOM,Air India,AI1780,10/20/2026,10/20/2026 14:30,Economy,7468,5559,1510,399,45,9/5/2026 22:42
DEL,BOM,Air India,AI1780,10/20/2026,10/20/2026 14:30,Economy,7468,5559,1510,399,45,9/5/2026 22:42
DEL,BOM,Air India,AI2933,10/20/2026,10/20/2026 15:30,Economy,7468,5559,1510,399,45,9/5/2026 22:42
DEL,BOM,Air India,AI2933,10/20/2026,10/20/2026 15:30,Economy,7468,5559,1510,399,45,9/5/2026 22:42
DEL,BOM,Air India,AI1777,10/20/2026,10/20/2026 16:00,Economy,7644,5726,1519,399,45,9/5/2026 22:42
DEL,BOM,Air India,AI1777,10/20/2026,10/20/2026 16:00,Economy,7644,5726,1519,399,45,9/5/2026 22:42
DEL,BOM,Air India,AI441,10/20/2026,10/20/2026 17:00,Economy,7468,5559,1510,399,45,9/5/2026 22:42
DEL,BOM,Air India,AI441,10/20/2026,10/20/2026 17:00,Economy,7468,5559,1510,399,45,9/5/2026 22:42
DEL,BOM,Air India,AI9486,10/20/2026,10/20/2026 17:50,Economy,7636,5719,1518,399,45,9/5/2026 22:42
DEL,BOM,Air India,AI9486,10/20/2026,10/20/2026 17:50,Economy,7636,5719,1518,399,45,9/5/2026 22:42
DEL,BOM,Air India,AI2977,10/20/2026,10/20/2026 19:00,Economy,8422,6467,1556,399,45,9/5/2026 22:42
DEL,BOM,Air India,AI2977,10/20/2026,10/20/2026 19:00,Economy,8422,6467,1556,399,45,9/5/2026 22:42
DEL,BOM,Air India,AI2985,10/20/2026,10/20/2026 19:30,Economy,8108,6168,1541,399,45,9/5/2026 22:42
DEL,BOM,Air India,AI2985,10/20/2026,10/20/2026 19:30,Economy,8108,6168,1541,399,45,9/5/2026 22:42
DEL,BOM,Air India,AI2957,10/20/2026,10/20/2026 20:30,Economy,7919,5988,1532,399,45,9/5/2026 22:42
DEL,BOM,Air India,AI2957,10/20/2026,10/20/2026 20:30,Economy,7919,5988,1532,399,45,9/5/2026 22:42
DEL,BOM,Air India,AI2981,10/20/2026,10/20/2026 21:00,Economy,7919,5988,1532,399,45,9/5/2026 22:42
DEL,BOM,Air India,AI2981,10/20/2026,10/20/2026 21:00,Economy,7919,5988,1532,399,45,9/5/2026 22:42
DEL,BOM,Air India,AI2433,10/20/2026,10/20/2026 21:30,Economy,8108,6168,1541,399,45,9/5/2026 22:42
DEL,BOM,Air India,AI2433,10/20/2026,10/20/2026 21:30,Economy,8108,6168,1541,399,45,9/5/2026 22:42
DEL,BOM,Air India,AI2999,10/20/2026,10/20/2026 22:00,Economy,7919,5988,1532,399,45,9/5/2026 22:42
DEL,BOM,Air India,AI2999,10/20/2026,10/20/2026 22:00,Economy,7919,5988,1532,399,45,9/5/2026 22:42
DEL,BOM,Air India,AI2439,10/20/2026,10/20/2026 23:00,Economy,7760,5837,1524,399,45,9/5/2026 22:42
DEL,BOM,Air India,AI2439,10/20/2026,10/20/2026 23:00,Economy,7760,5837,1524,399,45,9/5/2026 22:42
DEL,BOM,Air India,AI9484,10/20/2026,10/20/2026 23:25,Economy,7636,5719,1518,399,45,9/5/2026 22:42
DEL,BOM,Air India,AI9484,10/20/2026,10/20/2026 23:25,Economy,7636,5719,1518,399,45,9/5/2026 22:42
